EACH PORTION,TEMPERATURE,METHODstr,METHOD,NOTE,CONTAINS (NOUNS),INGREDIENTS
[],[],['YIELD: 6 Servings\n'  ' ,"[('YIELD', 'NOUN'), ('6', 'NUM'), ('Servings', 'NOUN'), ('n', 'NOUN')]",[],[],set()
"[""  3/4 Cup\\n'""]","["" ' 350° F. Oven\\n'""]"," '1 Combine the  INGREDIENT    INGREDIENT    INGREDIENT   and  INGREDIENT . Cut in the  INGREDIENT . Slowly add the  INGREDIENT  and mix.\n'  '2 Pour the  INGREDIENT s into a 9x9"" baking dish. Cover with the  INGREDIENT  crumb mixture.\n'  '3 Bake in a 350 degree F oven for 30 minutes.\n'  'YIELD: 30 Pieces\n'  ' ","[('1', 'NUM'), ('Combine', 'NOUN'), ('the', 'DET'), ('breadcrumbs', 'INGREDIENT'), ('sugar', 'INGREDIENT'), ('cinnamon', 'INGREDIENT'), ('and', 'CONJ'), ('nutmeg', 'INGREDIENT'), ('Cut', 'NOUN'), ('in', 'ADP'), ('the', 'DET'), ('butter', 'INGREDIENT'), ('Slowly', 'ADV'), ('add', 'VERB'), ('the', 'DET'), ('water', 'INGREDIENT'), ('and', 'CONJ'), ('mix', 'NOUN'), ('n', 'NOUN'), ('2', 'NUM'), ('Pour', 'NOUN'), ('the', 'DET'), ('apples', 'NOUN'), ('into', 'ADP'), ('a', 'DET'), ('9x9', 'NUM'), ('baking', 'NOUN'), ('dish', 'NOUN'), ('Cover', 'NOUN'), ('with', 'ADP'), ('the', 'DET'), ('bread', 'INGREDIENT'), ('crumb', 'NOUN'), ('mixture', 'NOUN'), ('n', 'NOUN'), ('3', 'NUM'), ('Bake', 'VERB'), ('in', 'ADP'), ('a', 'DET'), ('350', 'NUM'), ('degree', 'NOUN'), ('F', 'NOUN'), ('oven', 'ADV'), ('for', 'ADP'), ('30', 'NUM'), ('minutes', 'NOUN'), ('n', 'NOUN'), ('YIELD', 'NOUN'), ('30', 'NUM'), ('Pieces', 'NOUN'), ('n', 'NOUN')]",[],"['sugar', 'water', 'butter', 'apple', 'cinnamon', 'bread crumbs', 'nutmeg', 'bread']","{'butter', 'bread', 'cinnamon', 'bread crumbs', 'water', 'sugar', 'apple', 'nutmeg'}"
"[""  1 Piece\\n'""]","["" ' 350° F Oven\\n'""]", 'YIELDS: 20 Servings\n'  '1. Preheat oven to 350° F. Grease two loaf pans.\n'  '2. In a medium mixing bowl  combine  INGREDIENT   baking  INGREDIENT    INGREDIENT    INGREDIENT    INGREDIENT   all INGREDIENT    INGREDIENT  and  INGREDIENT s.\n'  '3. In a large bowl with an electric mixer  blend  INGREDIENT    INGREDIENT  and beaten  INGREDIENT s. Stir in  INGREDIENT . Slowly blend the  INGREDIENT  mixture into  INGREDIENT  mixture. While blending the mixture add  INGREDIENT  in INGREDIENT ntally. Pour the  INGREDIENT  into two prepared loaf pans.\n'  '4. Bake in a preheated 350° F oven for 90 minutes. Let cool for 10 minutes before removing from the pans.\n'  '1  Dissolve the  INGREDIENT  in 1/2 cup lukewarm  INGREDIENT .\n'  '2  Gradually stir in the powdered  INGREDIENT  and  INGREDIENT  using a non-metal utensil. \n'  '3  Let stand uncovered at 80 to 90 degrees F for 4-7 days  or until it bubbles. During this period  stir down once per day.\n'  'YIELD: 12 Servings\n'  ' ,"[('YIELDS', 'NOUN'), ('20', 'NUM'), ('Servings', 'NOUN'), ('n', 'NOUN'), ('1', 'NUM'), ('Preheat', 'NOUN'), ('oven', 'ADV'), ('to', 'PRT'), ('350', 'NUM'), ('F', 'NOUN'), ('Grease', 'NOUN'), ('two', 'NUM'), ('loaf', 'NOUN'), ('pans', 'NOUN'), ('n', 'NOUN'), ('2', 'NUM'), ('In', 'ADP'), ('a', 'DET'), ('medium', 'NOUN'), ('mixing', 'VERB'), ('bowl', 'NOUN'), ('combine', 'NOUN'), ('flour', 'INGREDIENT'), ('baking', 'NOUN'), ('soda', 'INGREDIENT'), ('salt', 'INGREDIENT'), ('bakingpowder', 'INGREDIENT'), ('nutmeg', 'INGREDIENT'), ('allspice', 'NOUN'), ('cinnamon', 'INGREDIENT'), ('and', 'CONJ'), ('cloves', 'NOUN'), ('n', 'NOUN'), ('3', 'NUM'), ('In', 'ADP'), ('a', 'DET'), ('large', 'ADJ'), ('bowl', 'NOUN'), ('with', 'ADP'), ('an', 'DET'), ('electric', 'ADJ'), ('mixer', 'NOUN'), ('blend', 'NOUN'), ('sugar', 'INGREDIENT'), ('oil', 'INGREDIENT'), ('and', 'CONJ'), ('beaten', 'NOUN'), ('eggs', 'NOUN'), ('Stir', 'NOUN'), ('in', 'ADP'), ('pumpkin', 'INGREDIENT'), ('Slowly', 'ADV'), ('blend', 'NOUN'), ('the', 'DET'), ('flour', 'INGREDIENT'), ('mixture', 'NOUN'), ('into', 'ADP'), ('pumpkin', 'INGREDIENT'), ('mixture', 'NOUN'), ('While', 'ADP'), ('blending', 'NOUN'), ('the', 'DET'), ('mixture', 'NOUN'), ('add', 'VERB'), ('water', 'INGREDIENT'), ('incrementally', 'ADV'), ('Pour', 'NOUN'), ('the', 'DET'), ('batter', 'INGREDIENT'), ('into', 'ADP'), ('two', 'NUM'), ('prepared', 'ADJ'), ('loaf', 'NOUN'), ('pans', 'NOUN'), ('n', 'NOUN'), ('4', 'NUM'), ('Bake', 'VERB'), ('in', 'ADP'), ('a', 'DET'), ('preheated', 'VERB'), ('350', 'NUM'), ('F', 'NOUN'), ('oven', 'ADV'), ('for', 'ADP'), ('90', 'NUM'), ('minutes', 'NOUN'), ('Let', 'VERB'), ('cool', 'NOUN'), ('for', 'ADP'), ('10', 'NUM'), ('minutes', 'NOUN'), ('before', 'ADP'), ('removing', 'VERB'), ('from', 'ADP'), ('the', 'DET'), ('pans', 'NOUN'), ('n', 'NOUN'), ('1', 'NUM'), ('Dissolve', 'NOUN'), ('the', 'DET'), ('yeast', 'INGREDIENT'), ('in', 'ADP'), ('1', 'NUM'), ('2', 'NUM'), ('cup', 'NOUN'), ('lukewarm', 'NOUN'), ('water', 'INGREDIENT'), ('n', 'NOUN'), ('2', 'NUM'), ('Gradually', 'ADV'), ('stir', 'NOUN'), ('in', 'ADP'), ('the', 'DET'), ('powdered', 'VERB'), ('milk', 'INGREDIENT'), ('and', 'CONJ'), ('flour', 'INGREDIENT'), ('using', 'VERB'), ('a', 'DET'), ('non', 'NOUN'), ('metal', 'NOUN'), ('utensil', 'NOUN'), ('n', 'NOUN'), ('3', 'NUM'), ('Let', 'VERB'), ('stand', 'NOUN'), ('uncovered', 'ADJ'), ('at', 'ADP'), ('80', 'NUM'), ('to', 'PRT'), ('90', 'NUM'), ('degrees', 'NOUN'), ('F', 'NOUN'), ('for', 'ADP'), ('4', 'NUM'), ('7', 'NUM'), ('days', 'NOUN'), ('or', 'CONJ'), ('until', 'ADP'), ('it', 'PRON'), ('bubbles', 'NOUN'), ('During', 'ADP'), ('this', 'DET'), ('period', 'NOUN'), ('stir', 'NOUN'), ('down', 'ADV'), ('once', 'ADV'), ('per', 'ADP'), ('day', 'NOUN'), ('n', 'NOUN'), ('YIELD', 'NOUN'), ('12', 'NUM'), ('Servings', 'NOUN'), ('n', 'NOUN')]",[],"['salt', 'sugar', 'water', 'flour', 'spice', 'milk', 'egg', 'yeast', 'cinnamon', 'nutmeg', 'pumpkin', 'baking powder', 'oil', 'clove', 'soda', 'batter', 'creme']","{'egg', 'pumpkin', 'oil', 'yeast', 'soda', 'batter', 'creme', 'clove', 'cinnamon', 'baking powder', 'milk', 'salt', 'flour', 'water', 'sugar', 'nutmeg', 'spice'}"
"[""  1 Slice\\n'""]","["" ' 350° F. Oven\\n'""]"," 'Chocolate Cake:\n'  'Grease and  INGREDIENT  a 10x15"" jelly roll pan. In a large bowl  sift together  INGREDIENT    INGREDIENT   baking  INGREDIENT    INGREDIENT   and  INGREDIENT . In a saucepan  combine  INGREDIENT    INGREDIENT    INGREDIENT   and  INGREDIENT . Bring to b INGREDIENT . Cook for 1 minute. Pour over the dry ing INGREDIENT . Stir well. Blend in beaten  INGREDIENT s and  INGREDIENT  INGREDIENT . Pour into the jelly roll pan. Bake at 350 degrees F for 30 minutes  or until toothpick inserted into center of cake comes out clean. Let cool.\n'  'Cream Cheese Icing:\n'  'In a saucepan  on meadium-low heat  melt  INGREDIENT  and  INGREDIENT   INGREDIENT . Take off heat and combine with the  INGREDIENT   INGREDIENT  and powdered  INGREDIENT . Mix until smooth and  INGREDIENT  on cake.\n'  'Cut into 12 sl INGREDIENT s before serving.\n'  'YIELD: 12 Servings\n'  ' ","[('Chocolate', 'NOUN'), ('Cake', 'VERB'), ('n', 'NOUN'), ('Grease', 'NOUN'), ('and', 'CONJ'), ('flour', 'INGREDIENT'), ('a', 'DET'), ('10x15', 'NUM'), ('jelly', 'ADV'), ('roll', 'NOUN'), ('pan', 'NOUN'), ('In', 'ADP'), ('a', 'DET'), ('large', 'ADJ'), ('bowl', 'NOUN'), ('sift', 'NOUN'), ('together', 'ADV'), ('flour', 'INGREDIENT'), ('sugar', 'INGREDIENT'), ('baking', 'NOUN'), ('soda', 'INGREDIENT'), ('cinnamon', 'INGREDIENT'), ('and', 'CONJ'), ('salt', 'INGREDIENT'), ('In', 'ADP'), ('a', 'DET'), ('saucepan', 'NOUN'), ('combine', 'NOUN'), ('margarine', 'INGREDIENT'), ('shortening', 'INGREDIENT'), ('cocoa', 'INGREDIENT'), ('and', 'CONJ'), ('water', 'INGREDIENT'), ('Bring', 'VERB'), ('to', 'PRT'), ('boil', 'NOUN'), ('Cook', 'NOUN'), ('for', 'ADP'), ('1', 'NUM'), ('minute', 'NOUN'), ('Pour', 'NOUN'), ('over', 'ADP'), ('the', 'DET'), ('dry', 'NOUN'), ('ingredients', 'NOUN'), ('Stir', 'NOUN'), ('well', 'ADV'), ('Blend', 'VERB'), ('in', 'ADP'), ('beaten', 'NOUN'), ('eggs', 'NOUN'), ('and', 'CONJ'), ('buttermilk', 'NOUN'), ('Pour', 'NOUN'), ('into', 'ADP'), ('the', 'DET'), ('jelly', 'ADV'), ('roll', 'NOUN'), ('pan', 'NOUN'), ('Bake', 'VERB'), ('at', 'ADP'), ('350', 'NUM'), ('degrees', 'NOUN'), ('F', 'NOUN'), ('for', 'ADP'), ('30', 'NUM'), ('minutes', 'NOUN'), ('or', 'CONJ'), ('until', 'ADP'), ('toothpick', 'NOUN'), ('inserted', 'VERB'), ('into', 'ADP'), ('center', 'NOUN'), ('of', 'ADP'), ('cake', 'NOUN'), ('comes', 'VERB'), ('out', 'ADP'), ('clean', 'NOUN'), ('Let', 'VERB'), ('cool', 'NOUN'), ('n', 'NOUN'), ('Cream', 'NOUN'), ('Cheese', 'NOUN'), ('Icing', 'VERB'), ('n', 'NOUN'), ('In', 'ADP'), ('a', 'DET'), ('saucepan', 'NOUN'), ('on', 'ADP'), ('meadium', 'NOUN'), ('low', 'ADJ'), ('heat', 'NOUN'), ('melt', 'NOUN'), ('butter', 'INGREDIENT'), ('and', 'CONJ'), ('cream', 'INGREDIENT'), ('cheese', 'INGREDIENT'), ('Take', 'VERB'), ('off', 'ADP'), ('heat', 'NOUN'), ('and', 'CONJ'), ('combine', 'NOUN'), ('with', 'ADP'), ('the', 'DET'), ('vanilla', 'INGREDIENT'), ('extract', 'INGREDIENT'), ('and', 'CONJ'), ('powdered', 'VERB'), ('sugar', 'INGREDIENT'), ('Mix', 'NOUN'), ('until', 'ADP'), ('smooth', 'NOUN'), ('and', 'CONJ'), ('spread', 'INGREDIENT'), ('on', 'ADP'), ('cake', 'NOUN'), ('n', 'NOUN'), ('Cut', 'NOUN'), ('into', 'ADP'), ('12', 'NUM'), ('slices', 'NOUN'), ('before', 'ADP'), ('serving', 'VERB'), ('n', 'NOUN'), ('YIELD', 'NOUN'), ('12', 'NUM'), ('Servings', 'NOUN'), ('n', 'NOUN')]",[],"['salt', 'sugar', 'water', 'flour', 'milk', 'cocoa', 'egg', 'cream', 'cheese', 'butter', 'vanilla', 'cinnamon', 'margarine', 'oil', 'shortening', 'extract', 'soda', 'ice', 'spread', 'redients']","{'egg', 'butter', 'redients', 'cocoa', 'milk', 'flour', 'cinnamon', 'spread', 'sugar', 'cheese', 'margarine', 'cream', 'ice', 'oil', 'soda', 'salt', 'vanilla', 'shortening', 'water', 'extract'}"
"[""  1 Slice\\n'""]","["" ' 350° F. Oven\\n'""]"," 'Chocolate Cake:\n'  'Grease and  INGREDIENT  a 10x15"" jelly roll pan. In a large bowl  sift together  INGREDIENT    INGREDIENT   baking  INGREDIENT    INGREDIENT   and  INGREDIENT . In a saucepan  combine  INGREDIENT    INGREDIENT    INGREDIENT   and  INGREDIENT . Bring to b INGREDIENT . Cook for 1 minute. Pour over the dry ing INGREDIENT . Stir well. Blend in beaten  INGREDIENT s and  INGREDIENT  INGREDIENT . Pour into the jelly roll pan. Bake in a 350 degree F. oven for 30 minutes  or until toothpick inserted into center of cake comes out clean. Let cool.\n'  'Vanilla Icing:\n'  'In large bowl combine powdered  INGREDIENT    INGREDIENT    INGREDIENT    INGREDIENT    INGREDIENT  and  INGREDIENT   INGREDIENT . Beat at low speed with an electric mixer for 45 seconds or until blended. Increase to high speed and beat for 3 - 5 minutes or until smooth and  INGREDIENT y. Spread on cake.\n'  'YIELDS: 24 Servings\n'  ' ","[('Chocolate', 'NOUN'), ('Cake', 'VERB'), ('n', 'NOUN'), ('Grease', 'NOUN'), ('and', 'CONJ'), ('flour', 'INGREDIENT'), ('a', 'DET'), ('10x15', 'NUM'), ('jelly', 'ADV'), ('roll', 'NOUN'), ('pan', 'NOUN'), ('In', 'ADP'), ('a', 'DET'), ('large', 'ADJ'), ('bowl', 'NOUN'), ('sift', 'NOUN'), ('together', 'ADV'), ('flour', 'INGREDIENT'), ('sugar', 'INGREDIENT'), ('baking', 'NOUN'), ('soda', 'INGREDIENT'), ('cinnamon', 'INGREDIENT'), ('and', 'CONJ'), ('salt', 'INGREDIENT'), ('In', 'ADP'), ('a', 'DET'), ('saucepan', 'NOUN'), ('combine', 'NOUN'), ('margarine', 'INGREDIENT'), ('shortening', 'INGREDIENT'), ('cocoa', 'INGREDIENT'), ('and', 'CONJ'), ('water', 'INGREDIENT'), ('Bring', 'VERB'), ('to', 'PRT'), ('boil', 'NOUN'), ('Cook', 'NOUN'), ('for', 'ADP'), ('1', 'NUM'), ('minute', 'NOUN'), ('Pour', 'NOUN'), ('over', 'ADP'), ('the', 'DET'), ('dry', 'NOUN'), ('ingredients', 'NOUN'), ('Stir', 'NOUN'), ('well', 'ADV'), ('Blend', 'VERB'), ('in', 'ADP'), ('beaten', 'NOUN'), ('eggs', 'NOUN'), ('and', 'CONJ'), ('buttermilk', 'NOUN'), ('Pour', 'NOUN'), ('into', 'ADP'), ('the', 'DET'), ('jelly', 'ADV'), ('roll', 'NOUN'), ('pan', 'NOUN'), ('Bake', 'VERB'), ('in', 'ADP'), ('a', 'DET'), ('350', 'NUM'), ('degree', 'NOUN'), ('F', 'NOUN'), ('oven', 'ADV'), ('for', 'ADP'), ('30', 'NUM'), ('minutes', 'NOUN'), ('or', 'CONJ'), ('until', 'ADP'), ('toothpick', 'NOUN'), ('inserted', 'VERB'), ('into', 'ADP'), ('center', 'NOUN'), ('of', 'ADP'), ('cake', 'NOUN'), ('comes', 'VERB'), ('out', 'ADP'), ('clean', 'NOUN'), ('Let', 'VERB'), ('cool', 'NOUN'), ('n', 'NOUN'), ('Vanilla', 'NOUN'), ('Icing', 'VERB'), ('n', 'NOUN'), ('In', 'ADP'), ('large', 'ADJ'), ('bowl', 'NOUN'), ('combine', 'NOUN'), ('powdered', 'VERB'), ('sugar', 'INGREDIENT'), ('shortening', 'INGREDIENT'), ('milk', 'INGREDIENT'), ('flour', 'INGREDIENT'), ('salt', 'INGREDIENT'), ('and', 'CONJ'), ('vanilla', 'INGREDIENT'), ('extract', 'INGREDIENT'), ('Beat', 'NOUN'), ('at', 'ADP'), ('low', 'ADJ'), ('speed', 'NOUN'), ('with', 'ADP'), ('an', 'DET'), ('electric', 'ADJ'), ('mixer', 'NOUN'), ('for', 'ADP'), ('45', 'NUM'), ('seconds', 'NOUN'), ('or', 'CONJ'), ('until', 'ADP'), ('blended', 'VERB'), ('Increase', 'NOUN'), ('to', 'PRT'), ('high', 'ADJ'), ('speed', 'NOUN'), ('and', 'CONJ'), ('beat', 'NOUN'), ('for', 'ADP'), ('3', 'NUM'), ('5', 'NUM'), ('minutes', 'NOUN'), ('or', 'CONJ'), ('until', 'ADP'), ('smooth', 'NOUN'), ('and', 'CONJ'), ('creamy', 'NOUN'), ('Spread', 'NOUN'), ('on', 'ADP'), ('cake', 'NOUN'), ('n', 'NOUN'), ('YIELDS', 'NOUN'), ('24', 'NUM'), ('Servings', 'NOUN'), ('n', 'NOUN')]",[],"['salt', 'sugar', 'water', 'flour', 'milk', 'cocoa', 'egg', 'cream', 'butter', 'vanilla', 'cinnamon', 'margarine', 'oil', 'shortening', 'extract', 'soda', 'redients']","{'egg', 'oil', 'margarine', 'vanilla', 'butter', 'soda', 'redients', 'cream', 'cocoa', 'cinnamon', 'milk', 'salt', 'flour', 'shortening', 'water', 'sugar', 'extract'}"
"[""  1 Piece\\n'""]","["" ' 350° F. Oven\\n'""]", '1. Preheat oven to 350° F. Grease and  INGREDIENT  a 9 x 13-inch pan.\n'  '2. In a large saucepan combine the non-instant pudding mix with  INGREDIENT . Cook over medium heat  stirring  INGREDIENT tantly  until the pudding is thickened. Remove from heat. Pour the dry cake mix into the saucepan and mix until smooth. Pour  INGREDIENT  into prepared pan and sprinkle with  INGREDIENT   INGREDIENT .\n'  'YIELD: 12 Servings\n'  ' ,"[('1', 'NUM'), ('Preheat', 'NOUN'), ('oven', 'ADV'), ('to', 'PRT'), ('350', 'NUM'), ('F', 'NOUN'), ('Grease', 'NOUN'), ('and', 'CONJ'), ('flour', 'INGREDIENT'), ('a', 'DET'), ('9', 'NUM'), ('x', 'NOUN'), ('13', 'NUM'), ('inch', 'NOUN'), ('pan', 'NOUN'), ('n', 'NOUN'), ('2', 'NUM'), ('In', 'ADP'), ('a', 'DET'), ('large', 'ADJ'), ('saucepan', 'NOUN'), ('combine', 'NOUN'), ('the', 'DET'), ('non', 'NOUN'), ('instant', 'NOUN'), ('pudding', 'VERB'), ('mix', 'NOUN'), ('with', 'ADP'), ('milk', 'INGREDIENT'), ('Cook', 'NOUN'), ('over', 'ADP'), ('medium', 'NOUN'), ('heat', 'NOUN'), ('stirring', 'VERB'), ('constantly', 'ADV'), ('until', 'ADP'), ('the', 'DET'), ('pudding', 'VERB'), ('is', 'VERB'), ('thickened', 'VERB'), ('Remove', 'VERB'), ('from', 'ADP'), ('heat', 'NOUN'), ('Pour', 'NOUN'), ('the', 'DET'), ('dry', 'NOUN'), ('cake', 'NOUN'), ('mix', 'NOUN'), ('into', 'ADP'), ('the', 'DET'), ('saucepan', 'NOUN'), ('and', 'CONJ'), ('mix', 'NOUN'), ('until', 'ADP'), ('smooth', 'NOUN'), ('Pour', 'NOUN'), ('batter', 'INGREDIENT'), ('into', 'ADP'), ('prepared', 'ADJ'), ('pan', 'NOUN'), ('and', 'CONJ'), ('sprinkle', 'NOUN'), ('with', 'ADP'), ('chocolate', 'INGREDIENT'), ('chips', 'INGREDIENT'), ('n', 'NOUN'), ('YIELD', 'NOUN'), ('12', 'NUM'), ('Servings', 'NOUN'), ('n', 'NOUN')]",[],"['flour', 'milk', 'chocolate', 'batter', 'chips', 'cons']","{'chips', 'batter', 'milk', 'chocolate', 'cons', 'flour'}"
"[""  1 Slice\\n'""]","["" ' 350° F. Oven\\n'""]"," 'Chocolate Cake:\n'  'Grease and  INGREDIENT  a 10x15"" jelly roll pan. In a large bowl  sift together  INGREDIENT    INGREDIENT   baking  INGREDIENT    INGREDIENT   and  INGREDIENT . In a saucepan  combine  INGREDIENT    INGREDIENT    INGREDIENT   and  INGREDIENT . Bring to b INGREDIENT . Cook for 1 minute. Pour over the dry ing INGREDIENT . Stir well. Blend in beaten  INGREDIENT s and  INGREDIENT  INGREDIENT . Bake at 350 degrees F for 30 minutes  or until toothpick inserted into center of cake comes out clean. Let cool.\n'  'Fluffy White Icing:\n'  'In a saucepan  combine the  INGREDIENT    INGREDIENT   and  INGREDIENT  of tartar. Cook over medium-high heat until  INGREDIENT  is dissolved and the mixture is bubbly. In a medium bowl  whip  INGREDIENT  whites and  INGREDIENT  to soft  INGREDIENT ks. Slowly add the  INGREDIENT  mixture while whipping  INGREDIENT tantly until soft  INGREDIENT ks form  about 7-10 minutes. Spread on cake.\n'  'YIELD: 12 Servings\n'  ' ","[('Chocolate', 'NOUN'), ('Cake', 'VERB'), ('n', 'NOUN'), ('Grease', 'NOUN'), ('and', 'CONJ'), ('flour', 'INGREDIENT'), ('a', 'DET'), ('10x15', 'NUM'), ('jelly', 'ADV'), ('roll', 'NOUN'), ('pan', 'NOUN'), ('In', 'ADP'), ('a', 'DET'), ('large', 'ADJ'), ('bowl', 'NOUN'), ('sift', 'NOUN'), ('together', 'ADV'), ('flour', 'INGREDIENT'), ('sugar', 'INGREDIENT'), ('baking', 'NOUN'), ('soda', 'INGREDIENT'), ('cinnamon', 'INGREDIENT'), ('and', 'CONJ'), ('salt', 'INGREDIENT'), ('In', 'ADP'), ('a', 'DET'), ('saucepan', 'NOUN'), ('combine', 'NOUN'), ('margarine', 'INGREDIENT'), ('shortening', 'INGREDIENT'), ('cocoa', 'INGREDIENT'), ('and', 'CONJ'), ('water', 'INGREDIENT'), ('Bring', 'VERB'), ('to', 'PRT'), ('boil', 'NOUN'), ('Cook', 'NOUN'), ('for', 'ADP'), ('1', 'NUM'), ('minute', 'NOUN'), ('Pour', 'NOUN'), ('over', 'ADP'), ('the', 'DET'), ('dry', 'NOUN'), ('ingredients', 'NOUN'), ('Stir', 'NOUN'), ('well', 'ADV'), ('Blend', 'VERB'), ('in', 'ADP'), ('beaten', 'NOUN'), ('eggs', 'NOUN'), ('and', 'CONJ'), ('buttermilk', 'NOUN'), ('Bake', 'VERB'), ('at', 'ADP'), ('350', 'NUM'), ('degrees', 'NOUN'), ('F', 'NOUN'), ('for', 'ADP'), ('30', 'NUM'), ('minutes', 'NOUN'), ('or', 'CONJ'), ('until', 'ADP'), ('toothpick', 'NOUN'), ('inserted', 'VERB'), ('into', 'ADP'), ('center', 'NOUN'), ('of', 'ADP'), ('cake', 'NOUN'), ('comes', 'VERB'), ('out', 'ADP'), ('clean', 'NOUN'), ('Let', 'VERB'), ('cool', 'NOUN'), ('n', 'NOUN'), ('Fluffy', 'NOUN'), ('White', 'NOUN'), ('Icing', 'VERB'), ('n', 'NOUN'), ('In', 'ADP'), ('a', 'DET'), ('saucepan', 'NOUN'), ('combine', 'NOUN'), ('the', 'DET'), ('sugar', 'INGREDIENT'), ('water', 'INGREDIENT'), ('and', 'CONJ'), ('cream', 'INGREDIENT'), ('of', 'ADP'), ('tartar', 'NOUN'), ('Cook', 'NOUN'), ('over', 'ADP'), ('medium', 'NOUN'), ('high', 'ADJ'), ('heat', 'NOUN'), ('until', 'ADP'), ('sugar', 'INGREDIENT'), ('is', 'VERB'), ('dissolved', 'VERB'), ('and', 'CONJ'), ('the', 'DET'), ('mixture', 'NOUN'), ('is', 'VERB'), ('bubbly', 'ADV'), ('In', 'ADP'), ('a', 'DET'), ('medium', 'NOUN'), ('bowl', 'NOUN'), ('whip', 'NOUN'), ('egg', 'INGREDIENT'), ('whites', 'NOUN'), ('and', 'CONJ'), ('vanilla', 'INGREDIENT'), ('to', 'PRT'), ('soft', 'ADJ'), ('peaks', 'NOUN'), ('Slowly', 'ADV'), ('add', 'VERB'), ('the', 'DET'), ('sugar', 'INGREDIENT'), ('mixture', 'NOUN'), ('while', 'ADP'), ('whipping', 'VERB'), ('constantly', 'ADV'), ('until', 'ADP'), ('soft', 'ADJ'), ('peaks', 'NOUN'), ('form', 'NOUN'), ('about', 'ADP'), ('7', 'NUM'), ('10', 'NUM'), ('minutes', 'NOUN'), ('Spread', 'NOUN'), ('on', 'ADP'), ('cake', 'NOUN'), ('n', 'NOUN'), ('YIELD', 'NOUN'), ('12', 'NUM'), ('Servings', 'NOUN'), ('n', 'NOUN')]",[],"['salt', 'sugar', 'water', 'flour', 'milk', 'cocoa', 'egg', 'cream', 'butter', 'vanilla', 'cinnamon', 'margarine', 'oil', 'shortening', 'pea', 'soda', 'redients', 'cons']","{'egg', 'oil', 'margarine', 'vanilla', 'butter', 'soda', 'redients', 'cream', 'cocoa', 'cinnamon', 'milk', 'pea', 'salt', 'flour', 'shortening', 'water', 'sugar', 'cons'}"
"[""  1 Slice\\n'""]","["" ' 350° F. Oven\\n'""]"," 'Marble Cake:\n'  'Grease and  INGREDIENT  2 - 8"" or 9"" round pans. In a large bowl  combine  INGREDIENT    INGREDIENT    INGREDIENT    INGREDIENT   softened  INGREDIENT    INGREDIENT s   INGREDIENT  and  INGREDIENT . By hand  beat slowly to moisten  then beat with an electric mixer at medium speed for about 2 minutes or until smooth. Remove 3/4 cup  INGREDIENT . Set aside. Divide remaining  INGREDIENT  into the two greased and  INGREDIENT ed round pans. Stir the  INGREDIENT  powder into the 3/4 cup  INGREDIENT  that was removed earlier. Drob by spoonfuls over top of white  INGREDIENT . Using a knife  swirl the  INGREDIENT   INGREDIENT  into the white  INGREDIENT   making a marble-type effect. Bake at 350 degree F for 30 to 35 minutes  or until toothpick inserted into center of cake comes out clean. Let cool.\n'  'Chocolate Icing:\n'  'In a saucepan  bring to b INGREDIENT   INGREDIENT    INGREDIENT   and  INGREDIENT . Cook for 1 minute. Remove from heat. Stir in  INGREDIENT . Mix in powdered  INGREDIENT . Spread on cake.\n'  'YIELD: 12 Servings\n'  ' ","[('Marble', 'ADJ'), ('Cake', 'VERB'), ('n', 'NOUN'), ('Grease', 'NOUN'), ('and', 'CONJ'), ('flour', 'INGREDIENT'), ('2', 'NUM'), ('8', 'NUM'), ('or', 'CONJ'), ('9', 'NUM'), ('round', 'NOUN'), ('pans', 'NOUN'), ('In', 'ADP'), ('a', 'DET'), ('large', 'ADJ'), ('bowl', 'NOUN'), ('combine', 'NOUN'), ('flour', 'INGREDIENT'), ('bakingpowder', 'INGREDIENT'), ('salt', 'INGREDIENT'), ('sugar', 'INGREDIENT'), ('softened', 'VERB'), ('butter', 'INGREDIENT'), ('eggs', 'NOUN'), ('vanilla', 'INGREDIENT'), ('and', 'CONJ'), ('milk', 'INGREDIENT'), ('By', 'ADP'), ('hand', 'NOUN'), ('beat', 'NOUN'), ('slowly', 'ADV'), ('to', 'PRT'), ('moisten', 'NOUN'), ('then', 'ADV'), ('beat', 'NOUN'), ('with', 'ADP'), ('an', 'DET'), ('electric', 'ADJ'), ('mixer', 'NOUN'), ('at', 'ADP'), ('medium', 'NOUN'), ('speed', 'NOUN'), ('for', 'ADP'), ('about', 'ADP'), ('2', 'NUM'), ('minutes', 'NOUN'), ('or', 'CONJ'), ('until', 'ADP'), ('smooth', 'NOUN'), ('Remove', 'VERB'), ('3', 'NUM'), ('4', 'NUM'), ('cup', 'NOUN'), ('batter', 'INGREDIENT'), ('Set', 'NOUN'), ('aside', 'ADV'), ('Divide', 'NOUN'), ('remaining', 'VERB'), ('batter', 'INGREDIENT'), ('into', 'ADP'), ('the', 'DET'), ('two', 'NUM'), ('greased', 'VERB'), ('and', 'CONJ'), ('floured', 'VERB'), ('round', 'NOUN'), ('pans', 'NOUN'), ('Stir', 'NOUN'), ('the', 'DET'), ('cocoa', 'INGREDIENT'), ('powder', 'NOUN'), ('into', 'ADP'), ('the', 'DET'), ('3', 'NUM'), ('4', 'NUM'), ('cup', 'NOUN'), ('batter', 'INGREDIENT'), ('that', 'ADP'), ('was', 'VERB'), ('removed', 'VERB'), ('earlier', 'ADV'), ('Drob', 'NOUN'), ('by', 'ADP'), ('spoonfuls', 'NOUN'), ('over', 'ADP'), ('top', 'NOUN'), ('of', 'ADP'), ('white', 'ADJ'), ('batter', 'INGREDIENT'), ('Using', 'VERB'), ('a', 'DET'), ('knife', 'NOUN'), ('swirl', 'NOUN'), ('the', 'DET'), ('cocoa', 'INGREDIENT'), ('batter', 'INGREDIENT'), ('into', 'ADP'), ('the', 'DET'), ('white', 'ADJ'), ('batter', 'INGREDIENT'), ('making', 'VERB'), ('a', 'DET'), ('marble', 'NOUN'), ('type', 'NOUN'), ('effect', 'NOUN'), ('Bake', 'VERB'), ('at', 'ADP'), ('350', 'NUM'), ('degree', 'NOUN'), ('F', 'NOUN'), ('for', 'ADP'), ('30', 'NUM'), ('to', 'PRT'), ('35', 'NUM'), ('minutes', 'NOUN'), ('or', 'CONJ'), ('until', 'ADP'), ('toothpick', 'NOUN'), ('inserted', 'VERB'), ('into', 'ADP'), ('center', 'NOUN'), ('of', 'ADP'), ('cake', 'NOUN'), ('comes', 'VERB'), ('out', 'ADP'), ('clean', 'NOUN'), ('Let', 'VERB'), ('cool', 'NOUN'), ('n', 'NOUN'), ('Chocolate', 'NOUN'), ('Icing', 'VERB'), ('n', 'NOUN'), ('In', 'ADP'), ('a', 'DET'), ('saucepan', 'NOUN'), ('bring', 'NOUN'), ('to', 'PRT'), ('boil', 'NOUN'), ('margarine', 'INGREDIENT'), ('milk', 'INGREDIENT'), ('and', 'CONJ'), ('cocoa', 'INGREDIENT'), ('Cook', 'NOUN'), ('for', 'ADP'), ('1', 'NUM'), ('minute', 'NOUN'), ('Remove', 'VERB'), ('from', 'ADP'), ('heat', 'NOUN'), ('Stir', 'NOUN'), ('in', 'ADP'), ('vanilla', 'INGREDIENT'), ('Mix', 'NOUN'), ('in', 'ADP'), ('powdered', 'VERB'), ('sugar', 'INGREDIENT'), ('Spread', 'NOUN'), ('on', 'ADP'), ('cake', 'NOUN'), ('n', 'NOUN'), ('YIELD', 'NOUN'), ('12', 'NUM'), ('Servings', 'NOUN'), ('n', 'NOUN')]",[],"['salt', 'sugar', 'flour', 'milk', 'cocoa', 'egg', 'butter', 'vanilla', 'baking powder', 'margarine', 'oil', 'batter']","{'egg', 'oil', 'margarine', 'batter', 'vanilla', 'butter', 'cocoa', 'baking powder', 'milk', 'salt', 'flour', 'sugar'}"
"[""  1 Slice\\n'""]","["" ' 350° F. Oven\\n'""]", '1 Make the cake mix according to the box instructions.\n'  'YIELDS: 18 Servings\n'  ' ,"[('1', 'NUM'), ('Make', 'VERB'), ('the', 'DET'), ('cake', 'NOUN'), ('mix', 'NOUN'), ('according', 'VERB'), ('to', 'PRT'), ('the', 'DET'), ('box', 'NOUN'), ('instructions', 'NOUN'), ('n', 'NOUN'), ('YIELDS', 'NOUN'), ('18', 'NUM'), ('Servings', 'NOUN'), ('n', 'NOUN')]",[],[],set()
"[""  1 Piece\\n'""]",[], '1. In a heavy 2 quart saucepan  combine the  INGREDIENT    INGREDIENT   hot  INGREDIENT  and  INGREDIENT . Cook and stir until  INGREDIENT  dissolves and mixture comes to a b INGREDIENT .\n'  '2. Cook to hard ball stage (250° F.) without stirring; wipe crystals from sides of pan often. Remove from heat. \n'  '3. Pour hot  INGREDIENT  slowly over stiff beaten  INGREDIENT  whites  beating  INGREDIENT tantly at high speed of mixer for about 5 minutes. Add  INGREDIENT  and continue beating until mixture forms soft  INGREDIENT ks and begins to lose its gloss. If it is too stiff  add a few drops hot  INGREDIENT . \n'  'YIELDS: 20 Servings\n'  ' ,"[('1', 'NUM'), ('In', 'ADP'), ('a', 'DET'), ('heavy', 'ADJ'), ('2', 'NUM'), ('quart', 'NOUN'), ('saucepan', 'NOUN'), ('combine', 'NOUN'), ('the', 'DET'), ('sugar', 'INGREDIENT'), ('syrup', 'INGREDIENT'), ('hot', 'ADJ'), ('water', 'INGREDIENT'), ('and', 'CONJ'), ('salt', 'INGREDIENT'), ('Cook', 'NOUN'), ('and', 'CONJ'), ('stir', 'NOUN'), ('until', 'ADP'), ('sugar', 'INGREDIENT'), ('dissolves', 'NOUN'), ('and', 'CONJ'), ('mixture', 'NOUN'), ('comes', 'VERB'), ('to', 'PRT'), ('a', 'DET'), ('boil', 'NOUN'), ('n', 'NOUN'), ('2', 'NUM'), ('Cook', 'NOUN'), ('to', 'PRT'), ('hard', 'ADJ'), ('ball', 'NOUN'), ('stage', 'NOUN'), ('250', 'NUM'), ('F', 'NOUN'), ('without', 'ADP'), ('stirring', 'VERB'), ('wipe', 'NOUN'), ('crystals', 'NOUN'), ('from', 'ADP'), ('sides', 'NOUN'), ('of', 'ADP'), ('pan', 'NOUN'), ('often', 'ADV'), ('Remove', 'VERB'), ('from', 'ADP'), ('heat', 'NOUN'), ('n', 'NOUN'), ('3', 'NUM'), ('Pour', 'NOUN'), ('hot', 'ADJ'), ('syrup', 'INGREDIENT'), ('slowly', 'ADV'), ('over', 'ADP'), ('stiff', 'NOUN'), ('beaten', 'NOUN'), ('egg', 'INGREDIENT'), ('whites', 'NOUN'), ('beating', 'NOUN'), ('constantly', 'ADV'), ('at', 'ADP'), ('high', 'ADJ'), ('speed', 'NOUN'), ('of', 'ADP'), ('mixer', 'NOUN'), ('for', 'ADP'), ('about', 'ADP'), ('5', 'NUM'), ('minutes', 'NOUN'), ('Add', 'VERB'), ('vanilla', 'INGREDIENT'), ('and', 'CONJ'), ('continue', 'NOUN'), ('beating', 'NOUN'), ('until', 'ADP'), ('mixture', 'NOUN'), ('forms', 'NOUN'), ('soft', 'ADJ'), ('peaks', 'NOUN'), ('and', 'CONJ'), ('begins', 'NOUN'), ('to', 'PRT'), ('lose', 'VERB'), ('its', 'PRON'), ('gloss', 'NOUN'), ('If', 'ADP'), ('it', 'PRON'), ('is', 'VERB'), ('too', 'ADV'), ('stiff', 'NOUN'), ('add', 'VERB'), ('a', 'DET'), ('few', 'ADJ'), ('drops', 'NOUN'), ('hot', 'ADJ'), ('water', 'INGREDIENT'), ('n', 'NOUN'), ('YIELDS', 'NOUN'), ('20', 'NUM'), ('Servings', 'NOUN'), ('n', 'NOUN')]",[],"['salt', 'sugar', 'water', 'egg', 'vanilla', 'oil', 'syrup', 'pea', 'cons']","{'egg', 'oil', 'syrup', 'pea', 'cons', 'salt', 'vanilla', 'water', 'sugar'}"
"[""  1 Piece\\n'""]",[], '1. Line a baking sheet with  INGREDIENT inum f INGREDIENT .\n'  '2. In a large saucepan over medium heat  combine pecans   INGREDIENT    INGREDIENT   brown  INGREDIENT    INGREDIENT  and  INGREDIENT . Heat to between 234° F and 240° F  or until a small  INGREDIENT  of  INGREDIENT  dropped into cold  INGREDIENT  forms a soft ball that flattens when removed from the  INGREDIENT  and placed on a flat surface.\n'  '3. Drop by spoonfuls onto prepared baking sheet. Let cool completely.\n'  'YIELDS: 1 Pound  16 Servings\n'  ' ,"[('1', 'NUM'), ('Line', 'NOUN'), ('a', 'DET'), ('baking', 'NOUN'), ('sheet', 'NOUN'), ('with', 'ADP'), ('aluminum', 'NOUN'), ('foil', 'NOUN'), ('n', 'NOUN'), ('2', 'NUM'), ('In', 'ADP'), ('a', 'DET'), ('large', 'ADJ'), ('saucepan', 'NOUN'), ('over', 'ADP'), ('medium', 'NOUN'), ('heat', 'NOUN'), ('combine', 'NOUN'), ('pecans', 'NOUN'), ('sugar', 'INGREDIENT'), ('butter', 'INGREDIENT'), ('brown', 'NOUN'), ('sugar', 'INGREDIENT'), ('milk', 'INGREDIENT'), ('and', 'CONJ'), ('vanilla', 'INGREDIENT'), ('Heat', 'NOUN'), ('to', 'PRT'), ('between', 'ADP'), ('234', 'NUM'), ('F', 'NOUN'), ('and', 'CONJ'), ('240', 'NUM'), ('F', 'NOUN'), ('or', 'CONJ'), ('until', 'ADP'), ('a', 'DET'), ('small', 'ADJ'), ('amount', 'INGREDIENT'), ('of', 'ADP'), ('syrup', 'INGREDIENT'), ('dropped', 'VERB'), ('into', 'ADP'), ('cold', 'NOUN'), ('water', 'INGREDIENT'), ('forms', 'NOUN'), ('a', 'DET'), ('soft', 'ADJ'), ('ball', 'NOUN'), ('that', 'ADP'), ('flattens', 'NOUN'), ('when', 'ADV'), ('removed', 'VERB'), ('from', 'ADP'), ('the', 'DET'), ('water', 'INGREDIENT'), ('and', 'CONJ'), ('placed', 'VERB'), ('on', 'ADP'), ('a', 'DET'), ('flat', 'ADJ'), ('surface', 'NOUN'), ('n', 'NOUN'), ('3', 'NUM'), ('Drop', 'NOUN'), ('by', 'ADP'), ('spoonfuls', 'NOUN'), ('onto', 'ADP'), ('prepared', 'ADJ'), ('baking', 'NOUN'), ('sheet', 'NOUN'), ('Let', 'VERB'), ('cool', 'NOUN'), ('completely', 'ADV'), ('n', 'NOUN'), ('YIELDS', 'NOUN'), ('1', 'NUM'), ('Pound', 'NOUN'), ('16', 'NUM'), ('Servings', 'NOUN'), ('n', 'NOUN')]",[],"['sugar', 'water', 'milk', 'butter', 'vanilla', 'oil', 'syrup', 'alum', 'amount']","{'oil', 'butter', 'syrup', 'milk', 'alum', 'vanilla', 'amount', 'water', 'sugar'}"
['  1'],[], 1-oz Piece\n'  '1. Butter one 8 x 8-inch square pan; set aside.\n'  '2. In a 2 quart saucepan over medium heat  combine the  INGREDIENT    INGREDIENT    INGREDIENT    INGREDIENT    INGREDIENT  INGREDIENT  and  INGREDIENT . Mix together well and bring to a b INGREDIENT . Heat without stirring until a  INGREDIENT  thermometer reads 250° F.\n'  '3. Remove from heat; stir in  INGREDIENT    INGREDIENT   INGREDIENT    INGREDIENT s and 10 drops of green food color. Pour into pan. Let stand until cool enough to handle. (Taffy should be lukewarm in center as well as at the edges.)\n'  'YIELD: 40 Cookies\n'  ' ,"[('1', 'NUM'), ('oz', 'NOUN'), ('Piece', 'NOUN'), ('n', 'NOUN'), ('1', 'NUM'), ('Butter', 'NOUN'), ('one', 'NUM'), ('8', 'NUM'), ('x', 'NOUN'), ('8', 'NUM'), ('inch', 'NOUN'), ('square', 'NOUN'), ('pan', 'NOUN'), ('set', 'NOUN'), ('aside', 'ADV'), ('n', 'NOUN'), ('2', 'NUM'), ('In', 'ADP'), ('a', 'DET'), ('2', 'NUM'), ('quart', 'NOUN'), ('saucepan', 'NOUN'), ('over', 'ADP'), ('medium', 'NOUN'), ('heat', 'NOUN'), ('combine', 'NOUN'), ('the', 'DET'), ('sugar', 'INGREDIENT'), ('cornsyrup', 'INGREDIENT'), ('water', 'INGREDIENT'), ('butter', 'INGREDIENT'), ('cornstarch', 'NOUN'), ('and', 'CONJ'), ('salt', 'INGREDIENT'), ('Mix', 'NOUN'), ('together', 'ADV'), ('well', 'ADV'), ('and', 'CONJ'), ('bring', 'NOUN'), ('to', 'PRT'), ('a', 'DET'), ('boil', 'NOUN'), ('Heat', 'NOUN'), ('without', 'ADP'), ('stirring', 'VERB'), ('until', 'ADP'), ('a', 'DET'), ('candy', 'INGREDIENT'), ('thermometer', 'NOUN'), ('reads', 'NOUN'), ('250', 'NUM'), ('F', 'NOUN'), ('n', 'NOUN'), ('3', 'NUM'), ('Remove', 'VERB'), ('from', 'ADP'), ('heat', 'NOUN'), ('stir', 'NOUN'), ('in', 'ADP'), ('vanilla', 'INGREDIENT'), ('almond', 'INGREDIENT'), ('extract', 'INGREDIENT'), ('almonds', 'NOUN'), ('and', 'CONJ'), ('10', 'NUM'), ('drops', 'NOUN'), ('of', 'ADP'), ('green', 'ADJ'), ('food', 'NOUN'), ('color', 'NOUN'), ('Pour', 'NOUN'), ('into', 'ADP'), ('pan', 'NOUN'), ('Let', 'VERB'), ('stand', 'NOUN'), ('until', 'ADP'), ('cool', 'NOUN'), ('enough', 'ADV'), ('to', 'PRT'), ('handle', 'NOUN'), ('Taffy', 'NOUN'), ('should', 'VERB'), ('be', 'VERB'), ('lukewarm', 'NOUN'), ('in', 'ADP'), ('center', 'NOUN'), ('as', 'ADP'), ('well', 'ADV'), ('as', 'ADP'), ('at', 'ADP'), ('the', 'DET'), ('edges', 'NOUN'), ('n', 'NOUN'), ('YIELD', 'NOUN'), ('40', 'NUM'), ('Cookies', 'NOUN'), ('n', 'NOUN')]",[],"['salt', 'sugar', 'water', 'starch', 'corn syrup', 'corn', 'butter', 'vanilla', 'almond', 'oil', 'extract', 'candy']","{'oil', 'starch', 'candy', 'butter', 'corn', 'extract', 'salt', 'vanilla', 'water', 'sugar', 'almond', 'corn syrup'}"
"[""  1 Cookie\\n'""]","["" ' 350° F. Oven\\n'""]", '1  Cream together the  INGREDIENT  and 1-1/2 cups  INGREDIENT . Set aside.\n'  '2  Mix together the  INGREDIENT    INGREDIENT    INGREDIENT   and  INGREDIENT  of tartar. Add slowly to the  INGREDIENT  mixture.\n'  '3  Mix together the  INGREDIENT    INGREDIENT   and  INGREDIENT . Add to the mixture.\n'  '4  Bake in a 350 degree oven for 7-10 minutes  or until lightly browned.\n'  'YIELDS: 18 Servings\n'  ' ,"[('1', 'NUM'), ('Cream', 'NOUN'), ('together', 'ADV'), ('the', 'DET'), ('butter', 'INGREDIENT'), ('and', 'CONJ'), ('1', 'NUM'), ('1', 'NUM'), ('2', 'NUM'), ('cups', 'NOUN'), ('sugar', 'INGREDIENT'), ('Set', 'NOUN'), ('aside', 'ADV'), ('n', 'NOUN'), ('2', 'NUM'), ('Mix', 'NOUN'), ('together', 'ADV'), ('the', 'DET'), ('salt', 'INGREDIENT'), ('flour', 'INGREDIENT'), ('soda', 'INGREDIENT'), ('and', 'CONJ'), ('cream', 'INGREDIENT'), ('of', 'ADP'), ('tartar', 'NOUN'), ('Add', 'VERB'), ('slowly', 'ADV'), ('to', 'PRT'), ('the', 'DET'), ('butter', 'INGREDIENT'), ('mixture', 'NOUN'), ('n', 'NOUN'), ('3', 'NUM'), ('Mix', 'NOUN'), ('together', 'ADV'), ('the', 'DET'), ('egg', 'INGREDIENT'), ('milk', 'INGREDIENT'), ('and', 'CONJ'), ('vanilla', 'INGREDIENT'), ('Add', 'VERB'), ('to', 'PRT'), ('the', 'DET'), ('mixture', 'NOUN'), ('n', 'NOUN'), ('4', 'NUM'), ('Bake', 'VERB'), ('in', 'ADP'), ('a', 'DET'), ('350', 'NUM'), ('degree', 'NOUN'), ('oven', 'ADV'), ('for', 'ADP'), ('7', 'NUM'), ('10', 'NUM'), ('minutes', 'NOUN'), ('or', 'CONJ'), ('until', 'ADP'), ('lightly', 'ADV'), ('browned', 'VERB'), ('n', 'NOUN'), ('YIELDS', 'NOUN'), ('18', 'NUM'), ('Servings', 'NOUN'), ('n', 'NOUN')]",[],"['salt', 'sugar', 'flour', 'milk', 'egg', 'cream', 'butter', 'vanilla', 'soda']","{'egg', 'vanilla', 'butter', 'soda', 'cream', 'milk', 'salt', 'flour', 'sugar'}"
"[""  1 Piece\\n'""]","["" ' 350° F. Oven\\n'""]", '1. Preheat oven to 350° F.\n'  '2. Place  INGREDIENT s in a 9 x 13-inch baking dish. In a bowl   INGREDIENT  together  INGREDIENT  and  INGREDIENT . Stir in  INGREDIENT   instant  INGREDIENT meal and  INGREDIENT . Fold in  INGREDIENT s. Sprinle  INGREDIENT meal mixture evenly over  INGREDIENT s. Drizzle with  INGREDIENT .\n'  '3. Bake in preheated oven 50 to 70 minutes  until  INGREDIENT s are tender and  INGREDIENT  is golden.\n'  'YIELD: 9 Servings\n'  ' ,"[('1', 'NUM'), ('Preheat', 'NOUN'), ('oven', 'ADV'), ('to', 'PRT'), ('350', 'NUM'), ('F', 'NOUN'), ('n', 'NOUN'), ('2', 'NUM'), ('Place', 'NOUN'), ('apples', 'NOUN'), ('in', 'ADP'), ('a', 'DET'), ('9', 'NUM'), ('x', 'NOUN'), ('13', 'NUM'), ('inch', 'NOUN'), ('baking', 'NOUN'), ('dish', 'NOUN'), ('In', 'ADP'), ('a', 'DET'), ('bowl', 'NOUN'), ('cream', 'INGREDIENT'), ('together', 'ADV'), ('butter', 'INGREDIENT'), ('and', 'CONJ'), ('sugar', 'INGREDIENT'), ('Stir', 'NOUN'), ('in', 'ADP'), ('flour', 'INGREDIENT'), ('instant', 'NOUN'), ('oatmeal', 'NOUN'), ('and', 'CONJ'), ('salt', 'INGREDIENT'), ('Fold', 'NOUN'), ('in', 'ADP'), ('walnuts', 'NOUN'), ('Sprinle', 'NOUN'), ('oatmeal', 'NOUN'), ('mixture', 'NOUN'), ('evenly', 'ADV'), ('over', 'ADP'), ('apples', 'NOUN'), ('Drizzle', 'NOUN'), ('with', 'ADP'), ('syrup', 'INGREDIENT'), ('n', 'NOUN'), ('3', 'NUM'), ('Bake', 'VERB'), ('in', 'ADP'), ('preheated', 'VERB'), ('oven', 'ADV'), ('50', 'NUM'), ('to', 'PRT'), ('70', 'NUM'), ('minutes', 'NOUN'), ('until', 'ADP'), ('apples', 'NOUN'), ('are', 'VERB'), ('tender', 'NOUN'), ('and', 'CONJ'), ('topping', 'INGREDIENT'), ('is', 'VERB'), ('golden', 'ADJ'), ('n', 'NOUN'), ('YIELD', 'NOUN'), ('9', 'NUM'), ('Servings', 'NOUN'), ('n', 'NOUN')]",[],"['salt', 'sugar', 'flour', 'cream', 'butter', 'apple', 'oat', 'syrup', 'walnut', 'topping']","{'butter', 'walnut', 'cream', 'oat', 'syrup', 'salt', 'flour', 'apple', 'sugar', 'topping'}"
"['  3x3"" Each\\n\'']","["" ' 350° F. Oven\\n'""]"," '1 Combine the  INGREDIENT    INGREDIENT  and  INGREDIENT . Cut in the  INGREDIENT . Stir in the  INGREDIENT   INGREDIENT .\n'  '2 Pour the  INGREDIENT s into a 9x9"" baking dish. Cover with the  INGREDIENT  mixture.\n'  'YIELD: 9 Servings\n'  ' ","[('1', 'NUM'), ('Combine', 'NOUN'), ('the', 'DET'), ('flour', 'INGREDIENT'), ('sugar', 'INGREDIENT'), ('and', 'CONJ'), ('cinnamon', 'INGREDIENT'), ('Cut', 'NOUN'), ('in', 'ADP'), ('the', 'DET'), ('margarine', 'INGREDIENT'), ('Stir', 'NOUN'), ('in', 'ADP'), ('the', 'DET'), ('lemon', 'INGREDIENT'), ('juice', 'INGREDIENT'), ('n', 'NOUN'), ('2', 'NUM'), ('Pour', 'NOUN'), ('the', 'DET'), ('apricots', 'NOUN'), ('into', 'ADP'), ('a', 'DET'), ('9x9', 'NUM'), ('baking', 'NOUN'), ('dish', 'NOUN'), ('Cover', 'NOUN'), ('with', 'ADP'), ('the', 'DET'), ('flour', 'INGREDIENT'), ('mixture', 'NOUN'), ('n', 'NOUN'), ('YIELD', 'NOUN'), ('9', 'NUM'), ('Servings', 'NOUN'), ('n', 'NOUN')]",[],"['sugar', 'flour', 'lemon', 'cinnamon', 'margarine', 'apricot', 'juice']","{'lemon', 'margarine', 'apricot', 'cinnamon', 'flour', 'juice', 'sugar'}"
"['  3x3"" Each\\n\'']","["" ' 350° F. Oven\\n'"", "" ' 350° F. Oven\\n'""]"," '1 Combine the  INGREDIENT    INGREDIENT   and  INGREDIENT . Cut in the  INGREDIENT . Stir in the  INGREDIENT   INGREDIENT .\n'  '2 Pour the  INGREDIENT es into a 9x9"" baking dish. Cover with the  INGREDIENT  mixture.\n'  'YIELD: 8 Servings\n'  'In a medium bowl  thoroughly beat  INGREDIENT s. Add  INGREDIENT  and melted  INGREDIENT . Beat in  INGREDIENT  and  INGREDIENT . Mix until smooth. Let  INGREDIENT  set .5 hour. Pour  INGREDIENT  into medium hot skillet  making 8 crepes  6-8 inches in circumference. Brown and set aside.\n'  'Meat Filling:\n'  'In a large skillet  over medium heat  brown  INGREDIENT l  ground  INGREDIENT  (substituted  INGREDIENT   chopped  INGREDIENT  in recipe)  and 1/2 lb raw  INGREDIENT  in  INGREDIENT . Stir in minced  INGREDIENT    INGREDIENT    INGREDIENT   ground  INGREDIENT   and  INGREDIENT . Let cool.\n'  'White Sauce:\n'  'In a small saucepan  over medium heat  cook  INGREDIENT  and  INGREDIENT  together for 1 minute. Stir in  INGREDIENT   ground  INGREDIENT   and  INGREDIENT . Then  stir in  INGREDIENT  and continue to cook until thick.\n'  'Presentation:\n'  'YIELD: 30 Manicotti - 15 Servings\n'  ' ","[('1', 'NUM'), ('Combine', 'NOUN'), ('the', 'DET'), ('flour', 'INGREDIENT'), ('sugar', 'INGREDIENT'), ('and', 'CONJ'), ('cinnamon', 'INGREDIENT'), ('Cut', 'NOUN'), ('in', 'ADP'), ('the', 'DET'), ('margarine', 'INGREDIENT'), ('Stir', 'NOUN'), ('in', 'ADP'), ('the', 'DET'), ('lemon', 'INGREDIENT'), ('juice', 'INGREDIENT'), ('n', 'NOUN'), ('2', 'NUM'), ('Pour', 'NOUN'), ('the', 'DET'), ('peaches', 'NOUN'), ('into', 'ADP'), ('a', 'DET'), ('9x9', 'NUM'), ('baking', 'NOUN'), ('dish', 'NOUN'), ('Cover', 'NOUN'), ('with', 'ADP'), ('the', 'DET'), ('flour', 'INGREDIENT'), ('mixture', 'NOUN'), ('n', 'NOUN'), ('YIELD', 'NOUN'), ('8', 'NUM'), ('Servings', 'NOUN'), ('n', 'NOUN'), ('In', 'ADP'), ('a', 'DET'), ('medium', 'NOUN'), ('bowl', 'NOUN'), ('thoroughly', 'ADV'), ('beat', 'NOUN'), ('eggs', 'NOUN'), ('Add', 'VERB'), ('milk', 'INGREDIENT'), ('and', 'CONJ'), ('melted', 'VERB'), ('butter', 'INGREDIENT'), ('Beat', 'NOUN'), ('in', 'ADP'), ('flour', 'INGREDIENT'), ('and', 'CONJ'), ('salt', 'INGREDIENT'), ('Mix', 'NOUN'), ('until', 'ADP'), ('smooth', 'NOUN'), ('Let', 'VERB'), ('batter', 'INGREDIENT'), ('set', 'NOUN'), ('5', 'NUM'), ('hour', 'NOUN'), ('Pour', 'NOUN'), ('batter', 'INGREDIENT'), ('into', 'ADP'), ('medium', 'NOUN'), ('hot', 'ADJ'), ('skillet', 'NOUN'), ('making', 'VERB'), ('8', 'NUM'), ('crepes', 'NOUN'), ('6', 'NUM'), ('8', 'NUM'), ('inches', 'NOUN'), ('in', 'ADP'), ('circumference', 'NOUN'), ('Brown', 'NOUN'), ('and', 'CONJ'), ('set', 'NOUN'), ('aside', 'ADV'), ('n', 'NOUN'), ('Meat', 'NOUN'), ('Filling', 'VERB'), ('n', 'NOUN'), ('In', 'ADP'), ('a', 'DET'), ('large', 'ADJ'), ('skillet', 'NOUN'), ('over', 'ADP'), ('medium', 'NOUN'), ('heat', 'NOUN'), ('brown', 'NOUN'), ('veall', 'NOUN'), ('ground', 'NOUN'), ('chicken', 'INGREDIENT'), ('substituted', 'VERB'), ('roasted', 'INGREDIENT'), ('chopped', 'NOUN'), ('chicken', 'INGREDIENT'), ('in', 'ADP'), ('recipe', 'NOUN'), ('and', 'CONJ'), ('1', 'NUM'), ('2', 'NUM'), ('lb', 'NOUN'), ('raw', 'NOUN'), ('beef', 'INGREDIENT'), ('in', 'ADP'), ('butter', 'INGREDIENT'), ('Stir', 'NOUN'), ('in', 'ADP'), ('minced', 'VERB'), ('parsley', 'INGREDIENT'), ('cheese', 'INGREDIENT'), ('salt', 'INGREDIENT'), ('ground', 'NOUN'), ('pepper', 'INGREDIENT'), ('and', 'CONJ'), ('nutmeg', 'INGREDIENT'), ('Let', 'VERB'), ('cool', 'NOUN'), ('n', 'NOUN'), ('White', 'NOUN'), ('Sauce', 'NOUN'), ('n', 'NOUN'), ('In', 'ADP'), ('a', 'DET'), ('small', 'ADJ'), ('saucepan', 'NOUN'), ('over', 'ADP'), ('medium', 'NOUN'), ('heat', 'NOUN'), ('cook', 'NOUN'), ('flour', 'INGREDIENT'), ('and', 'CONJ'), ('butter', 'INGREDIENT'), ('together', 'ADV'), ('for', 'ADP'), ('1', 'NUM'), ('minute', 'NOUN'), ('Stir', 'NOUN'), ('in', 'ADP'), ('salt', 'INGREDIENT'), ('ground', 'NOUN'), ('pepper', 'INGREDIENT'), ('and', 'CONJ'), ('nutmeg', 'INGREDIENT'), ('Then', 'ADV'), ('stir', 'NOUN'), ('in', 'ADP'), ('milk', 'INGREDIENT'), ('and', 'CONJ'), ('continue', 'NOUN'), ('to', 'PRT'), ('cook', 'NOUN'), ('until', 'ADP'), ('thick', 'NOUN'), ('n', 'NOUN'), ('Presentation', 'NOUN'), ('n', 'NOUN'), ('YIELD', 'NOUN'), ('30', 'NUM'), ('Manicotti', 'NOUN'), ('15', 'NUM'), ('Servings', 'NOUN'), ('n', 'NOUN')]",[],"['salt', 'sugar', 'flour', 'milk', 'egg', 'pepper', 'cheese', 'butter', 'lemon', 'parsley', 'beef', 'chicken', 'cinnamon', 'nutmeg', 'peach', 'margarine', 'juice', 'veal', 'batter', 'roasted']","{'egg', 'butter', 'veal', 'parsley', 'juice', 'chicken', 'milk', 'flour', 'cinnamon', 'sugar', 'cheese', 'margarine', 'batter', 'roasted', 'nutmeg', 'lemon', 'pepper', 'beef', 'salt', 'peach'}"
"[""  2 Manicotti\\n'""]","["" ' 350° F. Oven\\n'""]", 'TEMPERTURE: 350 ° F. Oven\n'  '1. B INGREDIENT   INGREDIENT cotti shells according to package  INGREDIENT .\n'  '2. Combine other ing INGREDIENT  except the  INGREDIENT  sauce. Spoon 1 tablespoon  INGREDIENT  mixture into each shell.  \n'  'YIELD: 4 Servings\n'  '1 Sl INGREDIENT  the  INGREDIENT  INGREDIENT . Combine the  INGREDIENT  and  INGREDIENT . Dip the  INGREDIENT  INGREDIENT  pieces in the  INGREDIENT  and  INGREDIENT  mixture  and then in the  INGREDIENT . Fry in  INGREDIENT  until soft. Arrange as one layer in a baking dish.\n'  'YIELD: 4 Servings\n'  'Mix all of the ing INGREDIENT  together. Pour into a deep baking dish. Bake at 350 degrees F for 30 minutes. Serve immediately.\n'  'YIELD: 6 Servings\n'  'Spaghetti Noodles:\n'  'Fill large cooking pot with 7qts  INGREDIENT . Bring to b INGREDIENT . Add  INGREDIENT  to b INGREDIENT ing  INGREDIENT . Cook 8 - 10 minutes or until al dente. D INGREDIENT . Do not rinse.\n'  'Spaghetti Sauce:\n'  'Heat  INGREDIENT  in Dutch oven. Cook and stir  INGREDIENT  and finely chopped  INGREDIENT  until  INGREDIENT  is tender. Stir in 3-8oz cans  INGREDIENT  sauce  1-4oz can  INGREDIENT s with  INGREDIENT   green  INGREDIENT    INGREDIENT    INGREDIENT   ground  INGREDIENT    INGREDIENT   dry  INGREDIENT   INGREDIENT   and  INGREDIENT . Heat to b INGREDIENT ing  reduce heat. Cover and simmer  stirring occasionally  for 1 hour. Stir in dry red  INGREDIENT . Cover and simmer  stirring occasionally  for 30 minutes. \n'  'Meatballs:\n'  'Mix together 1.5 lb raw ground  INGREDIENT    INGREDIENT   finely chopped  INGREDIENT    INGREDIENT   dry red  INGREDIENT    INGREDIENT    INGREDIENT    INGREDIENT   Worcestershire Sauce  and ground  INGREDIENT . Shape into rounded tablespoon  INGREDIENT  balls. Heat 1/4 cup  INGREDIENT  (2 tablespoons used in nutritional anaylsis) in 10-inch skillet. Cook  INGREDIENT balls in hot  INGREDIENT  until done  about 20 minutes.\n'  'Presentation:\n'  'YIELD: 30 Pieces\n'  'YIELDS: 16 Servings\n'  ' ,"[('TEMPERTURE', 'NOUN'), ('350', 'NUM'), ('F', 'NOUN'), ('Oven', 'ADV'), ('n', 'NOUN'), ('1', 'NUM'), ('Boil', 'NOUN'), ('manicotti', 'NOUN'), ('shells', 'NOUN'), ('according', 'VERB'), ('to', 'PRT'), ('package', 'NOUN'), ('directions', 'INGREDIENT'), ('n', 'NOUN'), ('2', 'NUM'), ('Combine', 'NOUN'), ('other', 'ADJ'), ('ingredients', 'NOUN'), ('except', 'ADP'), ('the', 'DET'), ('spaghetti', 'INGREDIENT'), ('sauce', 'NOUN'), ('Spoon', 'NOUN'), ('1', 'NUM'), ('tablespoon', 'NOUN'), ('cheese', 'INGREDIENT'), ('mixture', 'NOUN'), ('into', 'ADP'), ('each', 'DET'), ('shell', 'NOUN'), ('n', 'NOUN'), ('YIELD', 'NOUN'), ('4', 'NUM'), ('Servings', 'NOUN'), ('n', 'NOUN'), ('1', 'NUM'), ('Slice', 'NOUN'), ('the', 'DET'), ('eggplant', 'NOUN'), ('Combine', 'NOUN'), ('the', 'DET'), ('milk', 'INGREDIENT'), ('and', 'CONJ'), ('egg', 'INGREDIENT'), ('Dip', 'NOUN'), ('the', 'DET'), ('eggplant', 'NOUN'), ('pieces', 'NOUN'), ('in', 'ADP'), ('the', 'DET'), ('egg', 'INGREDIENT'), ('and', 'CONJ'), ('milk', 'INGREDIENT'), ('mixture', 'NOUN'), ('and', 'CONJ'), ('then', 'ADV'), ('in', 'ADP'), ('the', 'DET'), ('flour', 'INGREDIENT'), ('Fry', 'NOUN'), ('in', 'ADP'), ('margarine', 'INGREDIENT'), ('until', 'ADP'), ('soft', 'ADJ'), ('Arrange', 'NOUN'), ('as', 'ADP'), ('one', 'NUM'), ('layer', 'NOUN'), ('in', 'ADP'), ('a', 'DET'), ('baking', 'NOUN'), ('dish', 'NOUN'), ('n', 'NOUN'), ('YIELD', 'NOUN'), ('4', 'NUM'), ('Servings', 'NOUN'), ('n', 'NOUN'), ('Mix', 'NOUN'), ('all', 'DET'), ('of', 'ADP'), ('the', 'DET'), ('ingredients', 'NOUN'), ('together', 'ADV'), ('Pour', 'NOUN'), ('into', 'ADP'), ('a', 'DET'), ('deep', 'NOUN'), ('baking', 'NOUN'), ('dish', 'NOUN'), ('Bake', 'VERB'), ('at', 'ADP'), ('350', 'NUM'), ('degrees', 'NOUN'), ('F', 'NOUN'), ('for', 'ADP'), ('30', 'NUM'), ('minutes', 'NOUN'), ('Serve', 'NOUN'), ('immediately', 'ADV'), ('n', 'NOUN'), ('YIELD', 'NOUN'), ('6', 'NUM'), ('Servings', 'NOUN'), ('n', 'NOUN'), ('Spaghetti', 'NOUN'), ('Noodles', 'NOUN'), ('n', 'NOUN'), ('Fill', 'NOUN'), ('large', 'ADJ'), ('cooking', 'NOUN'), ('pot', 'NOUN'), ('with', 'ADP'), ('7qts', 'NUM'), ('water', 'INGREDIENT'), ('Bring', 'VERB'), ('to', 'PRT'), ('boil', 'NOUN'), ('Add', 'VERB'), ('pasta', 'INGREDIENT'), ('to', 'PRT'), ('boiling', 'VERB'), ('water', 'INGREDIENT'), ('Cook', 'NOUN'), ('8', 'NUM'), ('10', 'NUM'), ('minutes', 'NOUN'), ('or', 'CONJ'), ('until', 'ADP'), ('al', 'NOUN'), ('dente', 'NOUN'), ('Drain', 'NOUN'), ('Do', 'VERB'), ('not', 'ADV'), ('rinse', 'NOUN'), ('n', 'NOUN'), ('Spaghetti', 'NOUN'), ('Sauce', 'NOUN'), ('n', 'NOUN'), ('Heat', 'NOUN'), ('oliveoil', 'INGREDIENT'), ('in', 'ADP'), ('Dutch', 'NOUN'), ('oven', 'ADV'), ('Cook', 'NOUN'), ('and', 'CONJ'), ('stir', 'NOUN'), ('onion', 'INGREDIENT'), ('and', 'CONJ'), ('finely', 'ADV'), ('chopped', 'NOUN'), ('garlic', 'INGREDIENT'), ('until', 'ADP'), ('onion', 'INGREDIENT'), ('is', 'VERB'), ('tender', 'NOUN'), ('Stir', 'NOUN'), ('in', 'ADP'), ('3', 'NUM'), ('8oz', 'NUM'), ('cans', 'NOUN'), ('tomato', 'INGREDIENT'), ('sauce', 'NOUN'), ('1', 'NUM'), ('4oz', 'NUM'), ('can', 'VERB'), ('mushrooms', 'NOUN'), ('with', 'ADP'), ('liquid', 'INGREDIENT'), ('green', 'ADJ'), ('pepper', 'INGREDIENT'), ('parsley', 'INGREDIENT'), ('salt', 'INGREDIENT'), ('ground', 'NOUN'), ('pepper', 'INGREDIENT'), ('sugar', 'INGREDIENT'), ('dry', 'NOUN'), ('basil', 'INGREDIENT'), ('leaves', 'INGREDIENT'), ('and', 'CONJ'), ('oregano', 'INGREDIENT'), ('Heat', 'NOUN'), ('to', 'PRT'), ('boiling', 'VERB'), ('reduce', 'VERB'), ('heat', 'NOUN'), ('Cover', 'NOUN'), ('and', 'CONJ'), ('simmer', 'NOUN'), ('stirring', 'VERB'), ('occasionally', 'ADV'), ('for', 'ADP'), ('1', 'NUM'), ('hour', 'NOUN'), ('Stir', 'NOUN'), ('in', 'ADP'), ('dry', 'NOUN'), ('red', 'ADJ'), ('wine', 'INGREDIENT'), ('Cover', 'NOUN'), ('and', 'CONJ'), ('simmer', 'NOUN'), ('stirring', 'VERB'), ('occasionally', 'ADV'), ('for', 'ADP'), ('30', 'NUM'), ('minutes', 'NOUN'), ('n', 'NOUN'), ('Meatballs', 'NOUN'), ('n', 'NOUN'), ('Mix', 'NOUN'), ('together', 'ADV'), ('1', 'NUM'), ('5', 'NUM'), ('lb', 'NOUN'), ('raw', 'NOUN'), ('ground', 'NOUN'), ('beef', 'INGREDIENT'), ('breadcrumbs', 'INGREDIENT'), ('finely', 'ADV'), ('chopped', 'NOUN'), ('onion', 'INGREDIENT'), ('milk', 'INGREDIENT'), ('dry', 'NOUN'), ('red', 'ADJ'), ('wine', 'INGREDIENT'), ('egg', 'INGREDIENT'), ('parsley', 'INGREDIENT'), ('salt', 'INGREDIENT'), ('Worcestershire', 'NOUN'), ('Sauce', 'NOUN'), ('and', 'CONJ'), ('ground', 'NOUN'), ('pepper', 'INGREDIENT'), ('Shape', 'NOUN'), ('into', 'ADP'), ('rounded', 'VERB'), ('tablespoon', 'NOUN'), ('size', 'INGREDIENT'), ('balls', 'NOUN'), ('Heat', 'NOUN'), ('1', 'NUM'), ('4', 'NUM'), ('cup', 'NOUN'), ('canolaoil', 'INGREDIENT'), ('2', 'NUM'), ('tablespoons', 'NOUN'), ('used', 'VERB'), ('in', 'ADP'), ('nutritional', 'ADJ'), ('anaylsis', 'NOUN'), ('in', 'ADP'), ('10', 'NUM'), ('inch', 'NOUN'), ('skillet', 'NOUN'), ('Cook', 'NOUN'), ('meatballs', 'NOUN'), ('in', 'ADP'), ('hot', 'ADJ'), ('oil', 'INGREDIENT'), ('until', 'ADP'), ('done', 'VERB'), ('about', 'ADP'), ('20', 'NUM'), ('minutes', 'NOUN'), ('n', 'NOUN'), ('Presentation', 'NOUN'), ('n', 'NOUN'), ('YIELD', 'NOUN'), ('30', 'NUM'), ('Pieces', 'NOUN'), ('n', 'NOUN'), ('YIELDS', 'NOUN'), ('16', 'NUM'), ('Servings', 'NOUN'), ('n', 'NOUN')]",[],"['salt', 'sugar', 'water', 'flour', 'milk', 'onion', 'garlic', 'egg', 'pepper', 'plant', 'tomato', 'cheese', 'meat', 'olive oil', 'canola oil', 'parsley', 'beef', 'basil', 'wine', 'oregano', 'mushroom', 'bread crumbs', 'margarine', 'oil', 'pasta', 'ice', 'spaghetti', 'size', 'rain', 'directions', 'redients', 'mani', 'liquid', 'leaves']","{'egg', 'leaves', 'plant', 'meat', 'parsley', 'tomato', 'mani', 'mushroom', 'canola oil', 'garlic', 'directions', 'redients', 'wine', 'milk', 'bread crumbs', 'liquid', 'olive oil', 'flour', 'rain', 'sugar', 'basil', 'cheese', 'margarine', 'pasta', 'oregano', 'spaghetti', 'ice', 'size', 'oil', 'onion', 'pepper', 'beef', 'salt', 'water'}"
"[""  1 Piece\\n'""]",[], '1. Butter one 9 x 9-inch pan and set aside.\n'  '2. In a 3 quart saucepan  combine white  INGREDIENT   brown  INGREDIENT    INGREDIENT  and  INGREDIENT . Cook to soft ball stage  234° F. Remove from heat.\n'  'YIELDS: 15 Servings\n'  ' ,"[('1', 'NUM'), ('Butter', 'NOUN'), ('one', 'NUM'), ('9', 'NUM'), ('x', 'NOUN'), ('9', 'NUM'), ('inch', 'NOUN'), ('pan', 'NOUN'), ('and', 'CONJ'), ('set', 'NOUN'), ('aside', 'ADV'), ('n', 'NOUN'), ('2', 'NUM'), ('In', 'ADP'), ('a', 'DET'), ('3', 'NUM'), ('quart', 'NOUN'), ('saucepan', 'NOUN'), ('combine', 'NOUN'), ('white', 'ADJ'), ('sugar', 'INGREDIENT'), ('brown', 'NOUN'), ('sugar', 'INGREDIENT'), ('milk', 'INGREDIENT'), ('and', 'CONJ'), ('butter', 'INGREDIENT'), ('Cook', 'NOUN'), ('to', 'PRT'), ('soft', 'ADJ'), ('ball', 'NOUN'), ('stage', 'NOUN'), ('234', 'NUM'), ('F', 'NOUN'), ('Remove', 'VERB'), ('from', 'ADP'), ('heat', 'NOUN'), ('n', 'NOUN'), ('YIELDS', 'NOUN'), ('15', 'NUM'), ('Servings', 'NOUN'), ('n', 'NOUN')]",[],"['sugar', 'milk', 'butter']","{'sugar', 'milk', 'butter'}"
"[""  I Piece\\n'""]",[], '1. Butter a 7 x 11-inch pan. Set aside.\n'  '2. In a 3 quart saucepan  mix together  INGREDIENT   condensed  INGREDIENT    INGREDIENT  and  INGREDIENT s. Cook over low heat and bring to a b INGREDIENT . B INGREDIENT  5 to 7 minutes. Remove from heat.\n'  '3. Add  INGREDIENT   nuts and  INGREDIENT   INGREDIENT . Stir until  INGREDIENT  are melted.\n'  'YIELDS: 12 Servings\n'  ' ,"[('1', 'NUM'), ('Butter', 'NOUN'), ('a', 'DET'), ('7', 'NUM'), ('x', 'NOUN'), ('11', 'NUM'), ('inch', 'NOUN'), ('pan', 'NOUN'), ('Set', 'NOUN'), ('aside', 'ADV'), ('n', 'NOUN'), ('2', 'NUM'), ('In', 'ADP'), ('a', 'DET'), ('3', 'NUM'), ('quart', 'NOUN'), ('saucepan', 'NOUN'), ('mix', 'NOUN'), ('together', 'ADV'), ('sugar', 'INGREDIENT'), ('condensed', 'VERB'), ('milk', 'INGREDIENT'), ('butter', 'INGREDIENT'), ('and', 'CONJ'), ('marshmallows', 'NOUN'), ('Cook', 'NOUN'), ('over', 'ADP'), ('low', 'ADJ'), ('heat', 'NOUN'), ('and', 'CONJ'), ('bring', 'NOUN'), ('to', 'PRT'), ('a', 'DET'), ('boil', 'NOUN'), ('Boil', 'NOUN'), ('5', 'NUM'), ('to', 'PRT'), ('7', 'NUM'), ('minutes', 'NOUN'), ('Remove', 'VERB'), ('from', 'ADP'), ('heat', 'NOUN'), ('n', 'NOUN'), ('3', 'NUM'), ('Add', 'VERB'), ('vanilla', 'INGREDIENT'), ('nuts', 'NOUN'), ('and', 'CONJ'), ('chocolate', 'INGREDIENT'), ('chips', 'INGREDIENT'), ('Stir', 'NOUN'), ('until', 'ADP'), ('chips', 'INGREDIENT'), ('are', 'VERB'), ('melted', 'VERB'), ('n', 'NOUN'), ('YIELDS', 'NOUN'), ('12', 'NUM'), ('Servings', 'NOUN'), ('n', 'NOUN')]",[],"['sugar', 'milk', 'butter', 'chocolate', 'vanilla', 'oil', 'marshmallow', 'chips']","{'oil', 'chips', 'butter', 'milk', 'chocolate', 'marshmallow', 'vanilla', 'sugar'}"
"[""  1 Piece\\n'""]",[], 'YIELDS: 8 Servings\n'  ' ,"[('YIELDS', 'NOUN'), ('8', 'NUM'), ('Servings', 'NOUN'), ('n', 'NOUN')]",[],[],set()
"[""  1 Pop\\n'""]",[], 'YIELD: 1 Serving\n'  'YIELD: 1 Serving\n'  'YIELD: 1 Serving\n'  'YIELDS: 10 Servings\n'  ' ,"[('YIELD', 'NOUN'), ('1', 'NUM'), ('Serving', 'VERB'), ('n', 'NOUN'), ('YIELD', 'NOUN'), ('1', 'NUM'), ('Serving', 'VERB'), ('n', 'NOUN'), ('YIELD', 'NOUN'), ('1', 'NUM'), ('Serving', 'VERB'), ('n', 'NOUN'), ('YIELDS', 'NOUN'), ('10', 'NUM'), ('Servings', 'NOUN'), ('n', 'NOUN')]",[],[],set()
"[""  8 Ounce Glass\\n'""]",[], '1. Combine the  INGREDIENT   INGREDIENT    INGREDIENT   INGREDIENT   Worcestershire sauce   and a dash of  INGREDIENT  and  INGREDIENT . Stir to mix well.\n'  'YIELDS: 1 Serving\n'  'YIELDS: 1 Serving\n'  'YIELDS: 1 Serving\n'  '1. Combine all ing INGREDIENT   exept the olive  in a mixing glass and stir. St INGREDIENT  into a well-chilled cocktail glass. Add olive.\n'  'YIELDS: 1 Serving\n'  '1. In a tall glass stir together the  INGREDIENT   INGREDIENT  and superfine  INGREDIENT  until the  INGREDIENT  is dissolved  add the gin and  INGREDIENT  cubes to fill the glass and stir the drink well.\n'  'YIELD: 6 Pieces\n'  ' ,"[('1', 'NUM'), ('Combine', 'NOUN'), ('the', 'DET'), ('tomato', 'INGREDIENT'), ('juice', 'INGREDIENT'), ('lemon', 'INGREDIENT'), ('juice', 'INGREDIENT'), ('Worcestershire', 'NOUN'), ('sauce', 'NOUN'), ('and', 'CONJ'), ('a', 'DET'), ('dash', 'NOUN'), ('of', 'ADP'), ('salt', 'INGREDIENT'), ('and', 'CONJ'), ('pepper', 'INGREDIENT'), ('Stir', 'NOUN'), ('to', 'PRT'), ('mix', 'NOUN'), ('well', 'ADV'), ('n', 'NOUN'), ('YIELDS', 'NOUN'), ('1', 'NUM'), ('Serving', 'VERB'), ('n', 'NOUN'), ('YIELDS', 'NOUN'), ('1', 'NUM'), ('Serving', 'VERB'), ('n', 'NOUN'), ('YIELDS', 'NOUN'), ('1', 'NUM'), ('Serving', 'VERB'), ('n', 'NOUN'), ('1', 'NUM'), ('Combine', 'NOUN'), ('all', 'DET'), ('ingredients', 'NOUN'), ('exept', 'NOUN'), ('the', 'DET'), ('olive', 'ADJ'), ('in', 'ADP'), ('a', 'DET'), ('mixing', 'VERB'), ('glass', 'NOUN'), ('and', 'CONJ'), ('stir', 'NOUN'), ('Strain', 'NOUN'), ('into', 'ADP'), ('a', 'DET'), ('well', 'ADV'), ('chilled', 'VERB'), ('cocktail', 'NOUN'), ('glass', 'NOUN'), ('Add', 'VERB'), ('olive', 'ADJ'), ('n', 'NOUN'), ('YIELDS', 'NOUN'), ('1', 'NUM'), ('Serving', 'VERB'), ('n', 'NOUN'), ('1', 'NUM'), ('In', 'ADP'), ('a', 'DET'), ('tall', 'NOUN'), ('glass', 'NOUN'), ('stir', 'NOUN'), ('together', 'ADV'), ('the', 'DET'), ('lemon', 'INGREDIENT'), ('juice', 'INGREDIENT'), ('and', 'CONJ'), ('superfine', 'NOUN'), ('sugar', 'INGREDIENT'), ('until', 'ADP'), ('the', 'DET'), ('sugar', 'INGREDIENT'), ('is', 'VERB'), ('dissolved', 'VERB'), ('add', 'VERB'), ('the', 'DET'), ('gin', 'NOUN'), ('and', 'CONJ'), ('ice', 'INGREDIENT'), ('cubes', 'NOUN'), ('to', 'PRT'), ('fill', 'NOUN'), ('the', 'DET'), ('glass', 'NOUN'), ('and', 'CONJ'), ('stir', 'NOUN'), ('the', 'DET'), ('drink', 'NOUN'), ('well', 'ADV'), ('n', 'NOUN'), ('YIELD', 'NOUN'), ('6', 'NUM'), ('Pieces', 'NOUN'), ('n', 'NOUN')]",[],"['salt', 'sugar', 'pepper', 'tomato', 'lemon', 'juice', 'ice', 'rain', 'redients']","{'lemon', 'pepper', 'rain', 'redients', 'tomato', 'ice', 'salt', 'juice', 'sugar'}"
"[""  1 Piece\\n'""]",[], 'YIELDS: 1  9-inch Pie  8 Servings\n'  ' ,"[('YIELDS', 'NOUN'), ('1', 'NUM'), ('9', 'NUM'), ('inch', 'NOUN'), ('Pie', 'NOUN'), ('8', 'NUM'), ('Servings', 'NOUN'), ('n', 'NOUN')]",[],[],set()
"[""  1 Slice\\n'""]",[], '1. In a large bowl  mix pudding mix and  INGREDIENT  according to  package  INGREDIENT . Fold half of the thawed whipped  INGREDIENT  into pudding. Pour mixture into gra INGREDIENT  cracker  INGREDIENT . Spread remaining whipped  INGREDIENT  on top of pudding layer. Cover and  INGREDIENT  for about an hour.\n'  'YIELD: 1 Pie  8 Servings\n'  ' ,"[('1', 'NUM'), ('In', 'ADP'), ('a', 'DET'), ('large', 'ADJ'), ('bowl', 'NOUN'), ('mix', 'NOUN'), ('pudding', 'VERB'), ('mix', 'NOUN'), ('and', 'CONJ'), ('milk', 'INGREDIENT'), ('according', 'VERB'), ('to', 'PRT'), ('package', 'NOUN'), ('directions', 'INGREDIENT'), ('Fold', 'NOUN'), ('half', 'NOUN'), ('of', 'ADP'), ('the', 'DET'), ('thawed', 'NOUN'), ('whipped', 'VERB'), ('topping', 'INGREDIENT'), ('into', 'ADP'), ('pudding', 'VERB'), ('Pour', 'NOUN'), ('mixture', 'NOUN'), ('into', 'ADP'), ('graham', 'NOUN'), ('cracker', 'NOUN'), ('crust', 'INGREDIENT'), ('Spread', 'NOUN'), ('remaining', 'VERB'), ('whipped', 'VERB'), ('topping', 'INGREDIENT'), ('on', 'ADP'), ('top', 'NOUN'), ('of', 'ADP'), ('pudding', 'VERB'), ('layer', 'NOUN'), ('Cover', 'NOUN'), ('and', 'CONJ'), ('refrigerate', 'INGREDIENT'), ('for', 'ADP'), ('about', 'ADP'), ('an', 'DET'), ('hour', 'NOUN'), ('n', 'NOUN'), ('YIELD', 'NOUN'), ('1', 'NUM'), ('Pie', 'NOUN'), ('8', 'NUM'), ('Servings', 'NOUN'), ('n', 'NOUN')]",[],"['milk', 'ham', 'crust', 'topping', 'refrigerate', 'directions']","{'directions', 'refrigerate', 'ham', 'milk', 'crust', 'topping'}"
"[""  1 Slice\\n'""]",[], 'Mix gelatin and cold  INGREDIENT . Set aside.\n'  'Separate  INGREDIENT s. Set aside  INGREDIENT  whites. Beat  INGREDIENT  yolks until thick. In a heavy sauce pan  combine  INGREDIENT  yolks with  INGREDIENT   grated  INGREDIENT  rind ( INGREDIENT  peel in recipe)   INGREDIENT   INGREDIENT   and  INGREDIENT . Cook for 5 minutes  or until thickened  over medium heat. Stir  INGREDIENT tantly. Remove from heat  add gelatin mixture. Stir until gelatin dissolves. Set aside. Let cool.\n'  'YIELD: 1 Pie  8 Servings\n'  ' ,"[('Mix', 'NOUN'), ('gelatin', 'NOUN'), ('and', 'CONJ'), ('cold', 'NOUN'), ('water', 'INGREDIENT'), ('Set', 'NOUN'), ('aside', 'ADV'), ('n', 'NOUN'), ('Separate', 'ADJ'), ('eggs', 'NOUN'), ('Set', 'NOUN'), ('aside', 'ADV'), ('egg', 'INGREDIENT'), ('whites', 'NOUN'), ('Beat', 'NOUN'), ('egg', 'INGREDIENT'), ('yolks', 'NOUN'), ('until', 'ADP'), ('thick', 'NOUN'), ('In', 'ADP'), ('a', 'DET'), ('heavy', 'ADJ'), ('sauce', 'NOUN'), ('pan', 'NOUN'), ('combine', 'NOUN'), ('egg', 'INGREDIENT'), ('yolks', 'NOUN'), ('with', 'ADP'), ('sugar', 'INGREDIENT'), ('grated', 'VERB'), ('lemon', 'INGREDIENT'), ('rind', 'NOUN'), ('lemon', 'INGREDIENT'), ('peel', 'NOUN'), ('in', 'ADP'), ('recipe', 'NOUN'), ('lemon', 'INGREDIENT'), ('juice', 'INGREDIENT'), ('and', 'CONJ'), ('salt', 'INGREDIENT'), ('Cook', 'NOUN'), ('for', 'ADP'), ('5', 'NUM'), ('minutes', 'NOUN'), ('or', 'CONJ'), ('until', 'ADP'), ('thickened', 'VERB'), ('over', 'ADP'), ('medium', 'NOUN'), ('heat', 'NOUN'), ('Stir', 'NOUN'), ('constantly', 'ADV'), ('Remove', 'VERB'), ('from', 'ADP'), ('heat', 'NOUN'), ('add', 'VERB'), ('gelatin', 'NOUN'), ('mixture', 'NOUN'), ('Stir', 'NOUN'), ('until', 'ADP'), ('gelatin', 'NOUN'), ('dissolves', 'NOUN'), ('Set', 'NOUN'), ('aside', 'ADV'), ('Let', 'VERB'), ('cool', 'NOUN'), ('n', 'NOUN'), ('YIELD', 'NOUN'), ('1', 'NUM'), ('Pie', 'NOUN'), ('8', 'NUM'), ('Servings', 'NOUN'), ('n', 'NOUN')]",[],"['salt', 'sugar', 'water', 'egg', 'lemon', 'juice', 'cons']","{'egg', 'lemon', 'cons', 'salt', 'juice', 'water', 'sugar'}"
"[""  1 Slice\\n'""]","["" ' 350° F. Oven\\n'""]"," 'In a small bowl  combine  INGREDIENT  and  INGREDIENT . Sprinkle one-quarter of mixture over  INGREDIENT  in 9"" pie plate. Heap chopped  INGREDIENT  in pie plate. Sprinkle with remaining  INGREDIENT  mixture. Dot with small pieces of  INGREDIENT . Cover with top  INGREDIENT .\n'  'YIELD: 6 Servings\n'  ' ","[('In', 'ADP'), ('a', 'DET'), ('small', 'ADJ'), ('bowl', 'NOUN'), ('combine', 'NOUN'), ('sugar', 'INGREDIENT'), ('and', 'CONJ'), ('flour', 'INGREDIENT'), ('Sprinkle', 'NOUN'), ('one', 'NUM'), ('quarter', 'NOUN'), ('of', 'ADP'), ('mixture', 'NOUN'), ('over', 'ADP'), ('pastry', 'INGREDIENT'), ('in', 'ADP'), ('9', 'NUM'), ('pie', 'NOUN'), ('plate', 'NOUN'), ('Heap', 'NOUN'), ('chopped', 'NOUN'), ('rhubarb', 'INGREDIENT'), ('in', 'ADP'), ('pie', 'NOUN'), ('plate', 'NOUN'), ('Sprinkle', 'NOUN'), ('with', 'ADP'), ('remaining', 'VERB'), ('sugar', 'INGREDIENT'), ('mixture', 'NOUN'), ('Dot', 'NOUN'), ('with', 'ADP'), ('small', 'ADJ'), ('pieces', 'NOUN'), ('of', 'ADP'), ('butter', 'INGREDIENT'), ('Cover', 'NOUN'), ('with', 'ADP'), ('top', 'NOUN'), ('crust', 'INGREDIENT'), ('n', 'NOUN'), ('YIELD', 'NOUN'), ('6', 'NUM'), ('Servings', 'NOUN'), ('n', 'NOUN')]",[],"['sugar', 'flour', 'butter', 'crust', 'rhubarb', 'pastry']","{'butter', 'rhubarb', 'pastry', 'flour', 'sugar', 'crust'}"
"[""  1 Slice\\n'""]",[], '1  Place straw INGREDIENT    INGREDIENT   and gelatin in a blender  blend until smooth  and pour into the pie  INGREDIENT . Chill until firm.\n'  'YIELDS: 6 Servings\n'  ' ,"[('1', 'NUM'), ('Place', 'NOUN'), ('strawberries', 'NOUN'), ('sugar', 'INGREDIENT'), ('and', 'CONJ'), ('gelatin', 'NOUN'), ('in', 'ADP'), ('a', 'DET'), ('blender', 'NOUN'), ('blend', 'NOUN'), ('until', 'ADP'), ('smooth', 'NOUN'), ('and', 'CONJ'), ('pour', 'NOUN'), ('into', 'ADP'), ('the', 'DET'), ('pie', 'NOUN'), ('crust', 'INGREDIENT'), ('Chill', 'NOUN'), ('until', 'ADP'), ('firm', 'NOUN'), ('n', 'NOUN'), ('YIELDS', 'NOUN'), ('6', 'NUM'), ('Servings', 'NOUN'), ('n', 'NOUN')]",[],"['sugar', 'berries', 'crust']","{'sugar', 'crust', 'berries'}"
"[""  1 Each\\n'""]","["" ' 425° F. Oven\\n'""]", '1. Preheat oven to 425° F.\n'  '2. Spray a popover pan with nonstick cooking spray. Place pan on center rack of oven and preheat for 2 minutes.\n'  '3. Blend  INGREDIENT    INGREDIENT    INGREDIENT s   INGREDIENT  and 1 tablespoon of melted  INGREDIENT  until it looks like heavy  INGREDIENT   about 1 to 2 minutes.\n'  '4. Cut 2 tablespoons chilled  INGREDIENT  into 6 even pieces. Place 1 piece of  INGREDIENT  in each cup and place pan back in the oven until  INGREDIENT  is bubbly (about 1 minute).\n'  'YIELDS: 6 Servings\n'  ' ,"[('1', 'NUM'), ('Preheat', 'NOUN'), ('oven', 'ADV'), ('to', 'PRT'), ('425', 'NUM'), ('F', 'NOUN'), ('n', 'NOUN'), ('2', 'NUM'), ('Spray', 'NOUN'), ('a', 'DET'), ('popover', 'NOUN'), ('pan', 'NOUN'), ('with', 'ADP'), ('nonstick', 'NOUN'), ('cooking', 'NOUN'), ('spray', 'NOUN'), ('Place', 'NOUN'), ('pan', 'NOUN'), ('on', 'ADP'), ('center', 'NOUN'), ('rack', 'NOUN'), ('of', 'ADP'), ('oven', 'ADV'), ('and', 'CONJ'), ('preheat', 'NOUN'), ('for', 'ADP'), ('2', 'NUM'), ('minutes', 'NOUN'), ('n', 'NOUN'), ('3', 'NUM'), ('Blend', 'VERB'), ('flour', 'INGREDIENT'), ('salt', 'INGREDIENT'), ('eggs', 'NOUN'), ('milk', 'INGREDIENT'), ('and', 'CONJ'), ('1', 'NUM'), ('tablespoon', 'NOUN'), ('of', 'ADP'), ('melted', 'VERB'), ('butter', 'INGREDIENT'), ('until', 'ADP'), ('it', 'PRON'), ('looks', 'NOUN'), ('like', 'ADP'), ('heavy', 'ADJ'), ('cream', 'INGREDIENT'), ('about', 'ADP'), ('1', 'NUM'), ('to', 'PRT'), ('2', 'NUM'), ('minutes', 'NOUN'), ('n', 'NOUN'), ('4', 'NUM'), ('Cut', 'NOUN'), ('2', 'NUM'), ('tablespoons', 'NOUN'), ('chilled', 'VERB'), ('butter', 'INGREDIENT'), ('into', 'ADP'), ('6', 'NUM'), ('even', 'ADV'), ('pieces', 'NOUN'), ('Place', 'NOUN'), ('1', 'NUM'), ('piece', 'NOUN'), ('of', 'ADP'), ('butter', 'INGREDIENT'), ('in', 'ADP'), ('each', 'DET'), ('cup', 'NOUN'), ('and', 'CONJ'), ('place', 'NOUN'), ('pan', 'NOUN'), ('back', 'ADV'), ('in', 'ADP'), ('the', 'DET'), ('oven', 'ADV'), ('until', 'ADP'), ('butter', 'INGREDIENT'), ('is', 'VERB'), ('bubbly', 'ADV'), ('about', 'ADP'), ('1', 'NUM'), ('minute', 'NOUN'), ('n', 'NOUN'), ('YIELDS', 'NOUN'), ('6', 'NUM'), ('Servings', 'NOUN'), ('n', 'NOUN')]",[],"['salt', 'flour', 'milk', 'egg', 'cream', 'butter']","{'egg', 'butter', 'cream', 'milk', 'salt', 'flour'}"
"[""  1 Each\\n'""]","["" ' 425° F. Oven\\n'"", "" ' 375° F. Oven\\n'""]", '1. Preheat oven to 425° F.\n'  '2. Spray a popover pan with nonstick cooking spray. Place pan on center rack of oven and preheat for 2 minutes.\n'  '3. Blend  INGREDIENT    INGREDIENT    INGREDIENT s   INGREDIENT   and 1 tablespoon melted  INGREDIENT  until it looks like heavy  INGREDIENT   about 1 to 2 minutes.\n'  '4. Cut 2 tablespoons chilled  INGREDIENT  into 6 even pieces. Place 1 piece of  INGREDIENT  in each cup and place pan back in oven until  INGREDIENT  is bubbly (about 1 minute).\n'  'YIELDS: 6 Servings\n'  '1. Heat oven to 375° F.\n'  '2. Combine  INGREDIENT  cubes   INGREDIENT    INGREDIENT s and  INGREDIENT ; mix well and place in a 2 quart dish.\n'  '3. Slightly beat  INGREDIENT s. Stir in  INGREDIENT    INGREDIENT  and  INGREDIENT . Beat until  INGREDIENT  is dissolved. Add hot  INGREDIENT  to  INGREDIENT s; beat well. Pour over  INGREDIENT  cubes and let soak for 5 minutes.\n'  'YIELDS: 7 Servings\n'  ' ,"[('1', 'NUM'), ('Preheat', 'NOUN'), ('oven', 'ADV'), ('to', 'PRT'), ('425', 'NUM'), ('F', 'NOUN'), ('n', 'NOUN'), ('2', 'NUM'), ('Spray', 'NOUN'), ('a', 'DET'), ('popover', 'NOUN'), ('pan', 'NOUN'), ('with', 'ADP'), ('nonstick', 'NOUN'), ('cooking', 'NOUN'), ('spray', 'NOUN'), ('Place', 'NOUN'), ('pan', 'NOUN'), ('on', 'ADP'), ('center', 'NOUN'), ('rack', 'NOUN'), ('of', 'ADP'), ('oven', 'ADV'), ('and', 'CONJ'), ('preheat', 'NOUN'), ('for', 'ADP'), ('2', 'NUM'), ('minutes', 'NOUN'), ('n', 'NOUN'), ('3', 'NUM'), ('Blend', 'VERB'), ('flour', 'INGREDIENT'), ('salt', 'INGREDIENT'), ('eggs', 'NOUN'), ('milk', 'INGREDIENT'), ('and', 'CONJ'), ('1', 'NUM'), ('tablespoon', 'NOUN'), ('melted', 'VERB'), ('butter', 'INGREDIENT'), ('until', 'ADP'), ('it', 'PRON'), ('looks', 'NOUN'), ('like', 'ADP'), ('heavy', 'ADJ'), ('cream', 'INGREDIENT'), ('about', 'ADP'), ('1', 'NUM'), ('to', 'PRT'), ('2', 'NUM'), ('minutes', 'NOUN'), ('n', 'NOUN'), ('4', 'NUM'), ('Cut', 'NOUN'), ('2', 'NUM'), ('tablespoons', 'NOUN'), ('chilled', 'VERB'), ('butter', 'INGREDIENT'), ('into', 'ADP'), ('6', 'NUM'), ('even', 'ADV'), ('pieces', 'NOUN'), ('Place', 'NOUN'), ('1', 'NUM'), ('piece', 'NOUN'), ('of', 'ADP'), ('butter', 'INGREDIENT'), ('in', 'ADP'), ('each', 'DET'), ('cup', 'NOUN'), ('and', 'CONJ'), ('place', 'NOUN'), ('pan', 'NOUN'), ('back', 'ADV'), ('in', 'ADP'), ('oven', 'ADV'), ('until', 'ADP'), ('butter', 'INGREDIENT'), ('is', 'VERB'), ('bubbly', 'ADV'), ('about', 'ADP'), ('1', 'NUM'), ('minute', 'NOUN'), ('n', 'NOUN'), ('YIELDS', 'NOUN'), ('6', 'NUM'), ('Servings', 'NOUN'), ('n', 'NOUN'), ('1', 'NUM'), ('Heat', 'NOUN'), ('oven', 'ADV'), ('to', 'PRT'), ('375', 'NUM'), ('F', 'NOUN'), ('n', 'NOUN'), ('2', 'NUM'), ('Combine', 'NOUN'), ('bread', 'INGREDIENT'), ('cubes', 'NOUN'), ('margarine', 'INGREDIENT'), ('raisins', 'NOUN'), ('and', 'CONJ'), ('cinnamon', 'INGREDIENT'), ('mix', 'NOUN'), ('well', 'ADV'), ('and', 'CONJ'), ('place', 'NOUN'), ('in', 'ADP'), ('a', 'DET'), ('2', 'NUM'), ('quart', 'NOUN'), ('dish', 'NOUN'), ('n', 'NOUN'), ('3', 'NUM'), ('Slightly', 'ADV'), ('beat', 'NOUN'), ('eggs', 'NOUN'), ('Stir', 'NOUN'), ('in', 'ADP'), ('sugar', 'INGREDIENT'), ('vanilla', 'INGREDIENT'), ('and', 'CONJ'), ('salt', 'INGREDIENT'), ('Beat', 'NOUN'), ('until', 'ADP'), ('sugar', 'INGREDIENT'), ('is', 'VERB'), ('dissolved', 'VERB'), ('Add', 'VERB'), ('hot', 'ADJ'), ('milk', 'INGREDIENT'), ('to', 'PRT'), ('eggs', 'NOUN'), ('beat', 'NOUN'), ('well', 'ADV'), ('Pour', 'NOUN'), ('over', 'ADP'), ('bread', 'INGREDIENT'), ('cubes', 'NOUN'), ('and', 'CONJ'), ('let', 'VERB'), ('soak', 'NOUN'), ('for', 'ADP'), ('5', 'NUM'), ('minutes', 'NOUN'), ('n', 'NOUN'), ('YIELDS', 'NOUN'), ('7', 'NUM'), ('Servings', 'NOUN'), ('n', 'NOUN')]",[],"['salt', 'sugar', 'flour', 'milk', 'egg', 'cream', 'butter', 'vanilla', 'cinnamon', 'raisin', 'margarine', 'bread']","{'egg', 'margarine', 'vanilla', 'butter', 'bread', 'cream', 'cinnamon', 'milk', 'salt', 'flour', 'sugar', 'raisin'}"
"[""  1 Piece\\n'""]",[], '1. In a non-reactive sauce pan  combine the  INGREDIENT - INGREDIENT   INGREDIENT  pop and  INGREDIENT s; heat until dissolved stirring  INGREDIENT tantly. Add gelatin and stir until dissolved.\n'  '2. Add  INGREDIENT   INGREDIENT  and blend by hand or with electric mixer until smooth.\n'  'YIELD: 3 Servings\n'  '1  Mix all of the ing INGREDIENT  together.\n'  'YIELD: 1 Sandwich\n'  'YIELD: 1 Sandwich\n'  'YIELD: 1 Sandwich\n'  'YIELD: 1 Sandwich\n'  'YIELD: 1 Sandwich\n'  'YIELD: 1 Sandwich\n'  '1  Spread 1 tsp of  INGREDIENT  on each sl INGREDIENT  of  INGREDIENT .\n'  'YIELD: 1 Sandwich\n'  'YIELD: 1 Sandwich\n'  'YIELD: 1 Sandwich\n'  'YIELD: 1 Sandwich\n'  'YIELD: 1 Sandwich\n'  'YIELD: 1 Sandwich\n'  'YIELD: 1 Sandwich\n'  'YIELD:  1 Sandwich\n'  'YIELD: 1 Sandwich\n'  'Place the  INGREDIENT  between the two sl INGREDIENT s of  INGREDIENT . Spread 1 tsp  INGREDIENT  on the outside of each sl INGREDIENT  of  INGREDIENT . Grill the sandwich until each side is lightly browned. Serve.\n'  'YIELD: 1 Sandwich\n'  'YIELD: 1 Sandwich\n'  'YIELD: 1 Sandwich\n'  'YIELD: 1 Sandwich\n'  'YIELD: 1 Sandwich\n'  'YIELD: 1 Sandwich\n'  'YIELD: 1 Sandwich\n'  'YIELD: 1 Sandwich\n'  'YIELD: 1 Sandwich\n'  'YIELD: 1 Sandwich\n'  'YIELD: 1 Sandwich\n'  'YIELD: 1 Sandwich\n'  'YIELD: 1 Sandwich\n'  'YIELD: 1 Sandwich\n'  'YIELD: 1 Sandwich\n'  'YIELD: 1 Sandwich\n'  'YIELD: 1 Sandwich\n'  'YIELD: 1 Sandwich\n'  '1 Sandwich\n'  'YIELD:  1 Sandwich\n'  'YIELD: 1 Sandwich\n'  'YIELD: 1 Sandwich\n'  'YIELD: 1 Sandwich\n'  'YIELD: 1 Sandwich\n'  'Spread  INGREDIENT  on one sl INGREDIENT  of  INGREDIENT . Spread  INGREDIENT  on the other sl INGREDIENT  of  INGREDIENT . Place the  INGREDIENT  between the sl INGREDIENT s of  INGREDIENT . Serve.\n'  'YIELD: 1 Sandwich\n'  'YIELD: 1 Sandwich\n'  'YIELD: 1 Sandwich\n'  'YIELD: 1 Sandwich\n'  'YIELD: 1 Sandwich\n'  'YIELD: 1 Sandwich\n'  'YIELD: 1 Sandwich\n'  'YIELD: 1 Sandwich\n'  'YIELD: 2 Servings\n'  ' ,"[('1', 'NUM'), ('In', 'ADP'), ('a', 'DET'), ('non', 'NOUN'), ('reactive', 'NOUN'), ('sauce', 'NOUN'), ('pan', 'NOUN'), ('combine', 'NOUN'), ('the', 'DET'), ('lemon', 'INGREDIENT'), ('lime', 'INGREDIENT'), ('soda', 'INGREDIENT'), ('pop', 'NOUN'), ('and', 'CONJ'), ('marshmallows', 'NOUN'), ('heat', 'NOUN'), ('until', 'ADP'), ('dissolved', 'VERB'), ('stirring', 'VERB'), ('constantly', 'ADV'), ('Add', 'VERB'), ('gelatin', 'NOUN'), ('and', 'CONJ'), ('stir', 'NOUN'), ('until', 'ADP'), ('dissolved', 'VERB'), ('n', 'NOUN'), ('2', 'NUM'), ('Add', 'VERB'), ('cream', 'INGREDIENT'), ('cheese', 'INGREDIENT'), ('and', 'CONJ'), ('blend', 'NOUN'), ('by', 'ADP'), ('hand', 'NOUN'), ('or', 'CONJ'), ('with', 'ADP'), ('electric', 'ADJ'), ('mixer', 'NOUN'), ('until', 'ADP'), ('smooth', 'NOUN'), ('n', 'NOUN'), ('YIELD', 'NOUN'), ('3', 'NUM'), ('Servings', 'NOUN'), ('n', 'NOUN'), ('1', 'NUM'), ('Mix', 'NOUN'), ('all', 'DET'), ('of', 'ADP'), ('the', 'DET'), ('ingredients', 'NOUN'), ('together', 'ADV'), ('n', 'NOUN'), ('YIELD', 'NOUN'), ('1', 'NUM'), ('Sandwich', 'NOUN'), ('n', 'NOUN'), ('YIELD', 'NOUN'), ('1', 'NUM'), ('Sandwich', 'NOUN'), ('n', 'NOUN'), ('YIELD', 'NOUN'), ('1', 'NUM'), ('Sandwich', 'NOUN'), ('n', 'NOUN'), ('YIELD', 'NOUN'), ('1', 'NUM'), ('Sandwich', 'NOUN'), ('n', 'NOUN'), ('YIELD', 'NOUN'), ('1', 'NUM'), ('Sandwich', 'NOUN'), ('n', 'NOUN'), ('YIELD', 'NOUN'), ('1', 'NUM'), ('Sandwich', 'NOUN'), ('n', 'NOUN'), ('1', 'NUM'), ('Spread', 'NOUN'), ('1', 'NUM'), ('tsp', 'NOUN'), ('of', 'ADP'), ('mayonnaise', 'INGREDIENT'), ('on', 'ADP'), ('each', 'DET'), ('slice', 'NOUN'), ('of', 'ADP'), ('bread', 'INGREDIENT'), ('n', 'NOUN'), ('YIELD', 'NOUN'), ('1', 'NUM'), ('Sandwich', 'NOUN'), ('n', 'NOUN'), ('YIELD', 'NOUN'), ('1', 'NUM'), ('Sandwich', 'NOUN'), ('n', 'NOUN'), ('YIELD', 'NOUN'), ('1', 'NUM'), ('Sandwich', 'NOUN'), ('n', 'NOUN'), ('YIELD', 'NOUN'), ('1', 'NUM'), ('Sandwich', 'NOUN'), ('n', 'NOUN'), ('YIELD', 'NOUN'), ('1', 'NUM'), ('Sandwich', 'NOUN'), ('n', 'NOUN'), ('YIELD', 'NOUN'), ('1', 'NUM'), ('Sandwich', 'NOUN'), ('n', 'NOUN'), ('YIELD', 'NOUN'), ('1', 'NUM'), ('Sandwich', 'NOUN'), ('n', 'NOUN'), ('YIELD', 'NOUN'), ('1', 'NUM'), ('Sandwich', 'NOUN'), ('n', 'NOUN'), ('YIELD', 'NOUN'), ('1', 'NUM'), ('Sandwich', 'NOUN'), ('n', 'NOUN'), ('Place', 'NOUN'), ('the', 'DET'), ('cheese', 'INGREDIENT'), ('between', 'ADP'), ('the', 'DET'), ('two', 'NUM'), ('slices', 'NOUN'), ('of', 'ADP'), ('bread', 'INGREDIENT'), ('Spread', 'NOUN'), ('1', 'NUM'), ('tsp', 'NOUN'), ('margarine', 'INGREDIENT'), ('on', 'ADP'), ('the', 'DET'), ('outside', 'ADP'), ('of', 'ADP'), ('each', 'DET'), ('slice', 'NOUN'), ('of', 'ADP'), ('bread', 'INGREDIENT'), ('Grill', 'NOUN'), ('the', 'DET'), ('sandwich', 'NOUN'), ('until', 'ADP'), ('each', 'DET'), ('side', 'NOUN'), ('is', 'VERB'), ('lightly', 'ADV'), ('browned', 'VERB'), ('Serve', 'NOUN'), ('n', 'NOUN'), ('YIELD', 'NOUN'), ('1', 'NUM'), ('Sandwich', 'NOUN'), ('n', 'NOUN'), ('YIELD', 'NOUN'), ('1', 'NUM'), ('Sandwich', 'NOUN'), ('n', 'NOUN'), ('YIELD', 'NOUN'), ('1', 'NUM'), ('Sandwich', 'NOUN'), ('n', 'NOUN'), ('YIELD', 'NOUN'), ('1', 'NUM'), ('Sandwich', 'NOUN'), ('n', 'NOUN'), ('YIELD', 'NOUN'), ('1', 'NUM'), ('Sandwich', 'NOUN'), ('n', 'NOUN'), ('YIELD', 'NOUN'), ('1', 'NUM'), ('Sandwich', 'NOUN'), ('n', 'NOUN'), ('YIELD', 'NOUN'), ('1', 'NUM'), ('Sandwich', 'NOUN'), ('n', 'NOUN'), ('YIELD', 'NOUN'), ('1', 'NUM'), ('Sandwich', 'NOUN'), ('n', 'NOUN'), ('YIELD', 'NOUN'), ('1', 'NUM'), ('Sandwich', 'NOUN'), ('n', 'NOUN'), ('YIELD', 'NOUN'), ('1', 'NUM'), ('Sandwich', 'NOUN'), ('n', 'NOUN'), ('YIELD', 'NOUN'), ('1', 'NUM'), ('Sandwich', 'NOUN'), ('n', 'NOUN'), ('YIELD', 'NOUN'), ('1', 'NUM'), ('Sandwich', 'NOUN'), ('n', 'NOUN'), ('YIELD', 'NOUN'), ('1', 'NUM'), ('Sandwich', 'NOUN'), ('n', 'NOUN'), ('YIELD', 'NOUN'), ('1', 'NUM'), ('Sandwich', 'NOUN'), ('n', 'NOUN'), ('YIELD', 'NOUN'), ('1', 'NUM'), ('Sandwich', 'NOUN'), ('n', 'NOUN'), ('YIELD', 'NOUN'), ('1', 'NUM'), ('Sandwich', 'NOUN'), ('n', 'NOUN'), ('YIELD', 'NOUN'), ('1', 'NUM'), ('Sandwich', 'NOUN'), ('n', 'NOUN'), ('YIELD', 'NOUN'), ('1', 'NUM'), ('Sandwich', 'NOUN'), ('n', 'NOUN'), ('1', 'NUM'), ('Sandwich', 'NOUN'), ('n', 'NOUN'), ('YIELD', 'NOUN'), ('1', 'NUM'), ('Sandwich', 'NOUN'), ('n', 'NOUN'), ('YIELD', 'NOUN'), ('1', 'NUM'), ('Sandwich', 'NOUN'), ('n', 'NOUN'), ('YIELD', 'NOUN'), ('1', 'NUM'), ('Sandwich', 'NOUN'), ('n', 'NOUN'), ('YIELD', 'NOUN'), ('1', 'NUM'), ('Sandwich', 'NOUN'), ('n', 'NOUN'), ('YIELD', 'NOUN'), ('1', 'NUM'), ('Sandwich', 'NOUN'), ('n', 'NOUN'), ('Spread', 'NOUN'), ('mayonnaise', 'INGREDIENT'), ('on', 'ADP'), ('one', 'NUM'), ('slice', 'NOUN'), ('of', 'ADP'), ('bread', 'INGREDIENT'), ('Spread', 'NOUN'), ('mustard', 'INGREDIENT'), ('on', 'ADP'), ('the', 'DET'), ('other', 'ADJ'), ('slice', 'NOUN'), ('of', 'ADP'), ('bread', 'INGREDIENT'), ('Place', 'NOUN'), ('the', 'DET'), ('turkey', 'INGREDIENT'), ('between', 'ADP'), ('the', 'DET'), ('slices', 'NOUN'), ('of', 'ADP'), ('bread', 'INGREDIENT'), ('Serve', 'NOUN'), ('n', 'NOUN'), ('YIELD', 'NOUN'), ('1', 'NUM'), ('Sandwich', 'NOUN'), ('n', 'NOUN'), ('YIELD', 'NOUN'), ('1', 'NUM'), ('Sandwich', 'NOUN'), ('n', 'NOUN'), ('YIELD', 'NOUN'), ('1', 'NUM'), ('Sandwich', 'NOUN'), ('n', 'NOUN'), ('YIELD', 'NOUN'), ('1', 'NUM'), ('Sandwich', 'NOUN'), ('n', 'NOUN'), ('YIELD', 'NOUN'), ('1', 'NUM'), ('Sandwich', 'NOUN'), ('n', 'NOUN'), ('YIELD', 'NOUN'), ('1', 'NUM'), ('Sandwich', 'NOUN'), ('n', 'NOUN'), ('YIELD', 'NOUN'), ('1', 'NUM'), ('Sandwich', 'NOUN'), ('n', 'NOUN'), ('YIELD', 'NOUN'), ('1', 'NUM'), ('Sandwich', 'NOUN'), ('n', 'NOUN'), ('YIELD', 'NOUN'), ('2', 'NUM'), ('Servings', 'NOUN'), ('n', 'NOUN')]",[],"['cream', 'cheese', 'lemon', 'mustard', 'margarine', 'turkey', 'bread', 'mayonnaise', 'lime', 'marshmallow', 'soda', 'ice', 'redients', 'cons']","{'cheese', 'lemon', 'margarine', 'soda', 'mayonnaise', 'mustard', 'redients', 'bread', 'cream', 'lime', 'turkey', 'marshmallow', 'ice', 'cons'}"
"[""  2/3 Cup\\n'""]",[], 'Melt  INGREDIENT  slowly in a double b INGREDIENT er. Slowly add the  INGREDIENT  yolks  stirring  INGREDIENT tantly. Add the other ing INGREDIENT . Serve.\n'  'YIELD: 4 Servings\n'  ' ,"[('Melt', 'NOUN'), ('butter', 'INGREDIENT'), ('slowly', 'ADV'), ('in', 'ADP'), ('a', 'DET'), ('double', 'ADV'), ('boiler', 'NOUN'), ('Slowly', 'ADV'), ('add', 'VERB'), ('the', 'DET'), ('egg', 'INGREDIENT'), ('yolks', 'NOUN'), ('stirring', 'VERB'), ('constantly', 'ADV'), ('Add', 'VERB'), ('the', 'DET'), ('other', 'ADJ'), ('ingredients', 'NOUN'), ('Serve', 'NOUN'), ('n', 'NOUN'), ('YIELD', 'NOUN'), ('4', 'NUM'), ('Servings', 'NOUN'), ('n', 'NOUN')]",[],"['egg', 'butter', 'oil', 'redients', 'cons']","{'egg', 'oil', 'butter', 'redients', 'cons'}"
"[""  ¼ Cup\\n'""]",[], 'YIELD: 4 Servings\n'  ' ,"[('YIELD', 'NOUN'), ('4', 'NUM'), ('Servings', 'NOUN'), ('n', 'NOUN')]",[],[],set()
"[""  ¼ Cup\\n'""]",[], 'YIELD:  3 Servings\n'  'YIELD: 1 Serving\n'  'YIELD: 6 Servings\n'  ' ,"[('YIELD', 'NOUN'), ('3', 'NUM'), ('Servings', 'NOUN'), ('n', 'NOUN'), ('YIELD', 'NOUN'), ('1', 'NUM'), ('Serving', 'VERB'), ('n', 'NOUN'), ('YIELD', 'NOUN'), ('6', 'NUM'), ('Servings', 'NOUN'), ('n', 'NOUN')]",[],[],set()
"[""  2 Cups\\n'""]",[], 'Sl INGREDIENT  1 large  INGREDIENT . Chop 2 stalks  INGREDIENT   INGREDIENT uding  INGREDIENT   and 3 large  INGREDIENT s into 1-inch chunks. Place  INGREDIENT s   INGREDIENT    INGREDIENT   and 6 lbs  INGREDIENT  soup  INGREDIENT s in large  shallow roasting pan. Bake  uncovered & turning occasionally  for 30 minutes or until  INGREDIENT s are well browned.\n'  'After  INGREDIENT s are browned  d INGREDIENT  off excess  INGREDIENT . Place  INGREDIENT  of roasting pan into large soup pot or Dutch oven. Pour .5 cup  INGREDIENT  into roasting pan and rinse. Pour this  INGREDIENT  into soup pot. Add l large  INGREDIENT   1/2 cup chopped  INGREDIENT   1/2 cup cubed  INGREDIENT es  8 whole black  INGREDIENT  INGREDIENT s  4 sprigs fresh  INGREDIENT   1  INGREDIENT   1 tbsp  INGREDIENT   2 tsp  INGREDIENT   INGREDIENT   2  INGREDIENT s  INGREDIENT  and 12 cups  INGREDIENT . Bring mixture to a b INGREDIENT . Reduce heat. Cover and simmer for 5 hours. St INGREDIENT  stock. Discard  INGREDIENT    INGREDIENT s  and seasonings.\n'  'TO CLARIFY STOCK:\n'  'YIELD: 12 Servings\n'  '1 Cut the  INGREDIENT  into bite- INGREDIENT d pieces.\n'  '2 Sl INGREDIENT  the  INGREDIENT s   INGREDIENT   and cilantro.\n'  'YIELD: 12 Servings\n'  '1. In a large pot over high heat  combine the d INGREDIENT d  INGREDIENT   INGREDIENT    INGREDIENT   and  INGREDIENT  and bring to b INGREDIENT . Reduce heat to low  cover and simmer for 45 minutes  or until  INGREDIENT  is tender.\n'  '2. Remove  INGREDIENT  and allow to cool until easy to handle. Remove  INGREDIENT  and discard the skin and  INGREDIENT s. Chop  INGREDIENT  into bite  INGREDIENT  pieces and return to the soup.\n'  'YIELDS: 24\n'  ' ,"[('Slice', 'NOUN'), ('1', 'NUM'), ('large', 'ADJ'), ('onion', 'INGREDIENT'), ('Chop', 'NOUN'), ('2', 'NUM'), ('stalks', 'NOUN'), ('celery', 'INGREDIENT'), ('including', 'VERB'), ('leaves', 'INGREDIENT'), ('and', 'CONJ'), ('3', 'NUM'), ('large', 'ADJ'), ('carrots', 'NOUN'), ('into', 'ADP'), ('1', 'NUM'), ('inch', 'NOUN'), ('chunks', 'NOUN'), ('Place', 'NOUN'), ('carrots', 'NOUN'), ('onion', 'INGREDIENT'), ('celery', 'INGREDIENT'), ('and', 'CONJ'), ('6', 'NUM'), ('lbs', 'NOUN'), ('beef', 'INGREDIENT'), ('soup', 'NOUN'), ('bones', 'NOUN'), ('in', 'ADP'), ('large', 'ADJ'), ('shallow', 'NOUN'), ('roasting', 'VERB'), ('pan', 'NOUN'), ('Bake', 'VERB'), ('uncovered', 'ADJ'), ('turning', 'VERB'), ('occasionally', 'ADV'), ('for', 'ADP'), ('30', 'NUM'), ('minutes', 'NOUN'), ('or', 'CONJ'), ('until', 'ADP'), ('bones', 'NOUN'), ('are', 'VERB'), ('well', 'ADV'), ('browned', 'VERB'), ('n', 'NOUN'), ('After', 'ADP'), ('bones', 'NOUN'), ('are', 'VERB'), ('browned', 'VERB'), ('drain', 'NOUN'), ('off', 'ADP'), ('excess', 'NOUN'), ('fat', 'INGREDIENT'), ('Place', 'NOUN'), ('contents', 'INGREDIENT'), ('of', 'ADP'), ('roasting', 'VERB'), ('pan', 'NOUN'), ('into', 'ADP'), ('large', 'ADJ'), ('soup', 'NOUN'), ('pot', 'NOUN'), ('or', 'CONJ'), ('Dutch', 'NOUN'), ('oven', 'ADV'), ('Pour', 'NOUN'), ('5', 'NUM'), ('cup', 'NOUN'), ('water', 'INGREDIENT'), ('into', 'ADP'), ('roasting', 'VERB'), ('pan', 'NOUN'), ('and', 'CONJ'), ('rinse', 'NOUN'), ('Pour', 'NOUN'), ('this', 'DET'), ('liquid', 'INGREDIENT'), ('into', 'ADP'), ('soup', 'NOUN'), ('pot', 'NOUN'), ('Add', 'VERB'), ('l', 'NOUN'), ('large', 'ADJ'), ('tomato', 'INGREDIENT'), ('1', 'NUM'), ('2', 'NUM'), ('cup', 'NOUN'), ('chopped', 'NOUN'), ('parsnip', 'INGREDIENT'), ('1', 'NUM'), ('2', 'NUM'), ('cup', 'NOUN'), ('cubed', 'NOUN'), ('potatoes', 'NOUN'), ('8', 'NUM'), ('whole', 'ADJ'), ('black', 'ADJ'), ('peppercorns', 'NOUN'), ('4', 'NUM'), ('sprigs', 'NOUN'), ('fresh', 'ADJ'), ('parsley', 'INGREDIENT'), ('1', 'NUM'), ('bayleaf', 'INGREDIENT'), ('1', 'NUM'), ('tbsp', 'NOUN'), ('salt', 'INGREDIENT'), ('2', 'NUM'), ('tsp', 'NOUN'), ('dried', 'INGREDIENT'), ('thyme', 'INGREDIENT'), ('2', 'NUM'), ('cloves', 'NOUN'), ('garlic', 'INGREDIENT'), ('and', 'CONJ'), ('12', 'NUM'), ('cups', 'NOUN'), ('water', 'INGREDIENT'), ('Bring', 'VERB'), ('mixture', 'NOUN'), ('to', 'PRT'), ('a', 'DET'), ('boil', 'NOUN'), ('Reduce', 'VERB'), ('heat', 'NOUN'), ('Cover', 'NOUN'), ('and', 'CONJ'), ('simmer', 'NOUN'), ('for', 'ADP'), ('5', 'NUM'), ('hours', 'NOUN'), ('Strain', 'NOUN'), ('stock', 'NOUN'), ('Discard', 'NOUN'), ('meat', 'INGREDIENT'), ('vegetables', 'NOUN'), ('and', 'CONJ'), ('seasonings', 'NOUN'), ('n', 'NOUN'), ('TO', 'NOUN'), ('CLARIFY', 'NOUN'), ('STOCK', 'NOUN'), ('n', 'NOUN'), ('YIELD', 'NOUN'), ('12', 'NUM'), ('Servings', 'NOUN'), ('n', 'NOUN'), ('1', 'NUM'), ('Cut', 'NOUN'), ('the', 'DET'), ('beef', 'INGREDIENT'), ('into', 'ADP'), ('bite', 'NOUN'), ('sized', 'VERB'), ('pieces', 'NOUN'), ('n', 'NOUN'), ('2', 'NUM'), ('Slice', 'NOUN'), ('the', 'DET'), ('onions', 'NOUN'), ('garlic', 'INGREDIENT'), ('and', 'CONJ'), ('cilantro', 'NOUN'), ('n', 'NOUN'), ('YIELD', 'NOUN'), ('12', 'NUM'), ('Servings', 'NOUN'), ('n', 'NOUN'), ('1', 'NUM'), ('In', 'ADP'), ('a', 'DET'), ('large', 'ADJ'), ('pot', 'NOUN'), ('over', 'ADP'), ('high', 'ADJ'), ('heat', 'NOUN'), ('combine', 'NOUN'), ('the', 'DET'), ('diced', 'VERB'), ('salt', 'INGREDIENT'), ('pork', 'INGREDIENT'), ('chicken', 'INGREDIENT'), ('and', 'CONJ'), ('water', 'INGREDIENT'), ('and', 'CONJ'), ('bring', 'NOUN'), ('to', 'PRT'), ('boil', 'NOUN'), ('Reduce', 'VERB'), ('heat', 'NOUN'), ('to', 'PRT'), ('low', 'ADJ'), ('cover', 'NOUN'), ('and', 'CONJ'), ('simmer', 'NOUN'), ('for', 'ADP'), ('45', 'NUM'), ('minutes', 'NOUN'), ('or', 'CONJ'), ('until', 'ADP'), ('chicken', 'INGREDIENT'), ('is', 'VERB'), ('tender', 'NOUN'), ('n', 'NOUN'), ('2', 'NUM'), ('Remove', 'VERB'), ('chicken', 'INGREDIENT'), ('and', 'CONJ'), ('allow', 'VERB'), ('to', 'PRT'), ('cool', 'NOUN'), ('until', 'ADP'), ('easy', 'ADJ'), ('to', 'PRT'), ('handle', 'NOUN'), ('Remove', 'VERB'), ('meat', 'INGREDIENT'), ('and', 'CONJ'), ('discard', 'NOUN'), ('the', 'DET'), ('skin', 'NOUN'), ('and', 'CONJ'), ('bones', 'NOUN'), ('Chop', 'NOUN'), ('meat', 'INGREDIENT'), ('into', 'ADP'), ('bite', 'NOUN'), ('size', 'INGREDIENT'), ('pieces', 'NOUN'), ('and', 'CONJ'), ('return', 'NOUN'), ('to', 'PRT'), ('the', 'DET'), ('soup', 'NOUN'), ('n', 'NOUN'), ('YIELDS', 'NOUN'), ('24', 'NUM'), ('n', 'NOUN')]",[],"['salt', 'water', 'vegetable', 'onion', 'garlic', 'pepper', 'tomato', 'fat', 'corn', 'carrot', 'pork', 'meat', 'potato', 'parsley', 'celery', 'beef', 'chicken', 'thyme', 'oil', 'clove', 'bay leaf', 'parsnip', 'bone', 'dried', 'ice', 'incl', 'size', 'rain', 'contents', 'liquid', 'leaves']","{'leaves', 'meat', 'clove', 'parsnip', 'parsley', 'tomato', 'bone', 'chicken', 'bay leaf', 'garlic', 'pork', 'incl', 'thyme', 'contents', 'liquid', 'rain', 'carrot', 'corn', 'celery', 'ice', 'size', 'oil', 'onion', 'vegetable', 'pepper', 'beef', 'dried', 'fat', 'potato', 'salt', 'water'}"
"[""  1 Roll\\n'""]","["" ' 375° F. Oven\\n'""]"," ""1. In saucepan  heat 1 cup  INGREDIENT    INGREDIENT  and 1/4 cup  INGREDIENT  until very warm ( INGREDIENT  doesn't need to be completely melted). Remove from heat.\n""  '2. Mix together  INGREDIENT    INGREDIENT    INGREDIENT   1/2 cup  INGREDIENT    INGREDIENT s and 1/3 cup softened  INGREDIENT  in a medium bowl. Add the heated mixture until mixed well.\n'  '3. Divide  INGREDIENT  into two parts. On a  INGREDIENT ed surface  roll each part into a large rectangle. Smear each rectangle with softened  INGREDIENT . Combine the  INGREDIENT  and 3/4 cup  INGREDIENT . Sprinkle over the rectangles. Generously sprinkle the  INGREDIENT s and nuts over the top.\n'  '4. Roll the  INGREDIENT  up into two logs starting at the long side. Cut each log into 12 sl INGREDIENT s. Place the rolls cut side down into to a  9 x 13-inch greased baking pans. Cover  and let rise in a warm place until almost doubled (about 30 minutes).\n'  '5. Bake in a preheated 375° F oven for 20 to 25 minutes  or until golden brown.\n'  '6. To make the  INGREDIENT : Combine the powdered  INGREDIENT   3 tablespoons melted  INGREDIENT    INGREDIENT  and 3 tablespoons  INGREDIENT . Frosting should be thick. Spread over baked rolls.\n'  'YIELD: 6 Tacos - 3 Servings\n'  ' ","[('1', 'NUM'), ('In', 'ADP'), ('saucepan', 'NOUN'), ('heat', 'NOUN'), ('1', 'NUM'), ('cup', 'NOUN'), ('milk', 'INGREDIENT'), ('water', 'INGREDIENT'), ('and', 'CONJ'), ('1', 'NUM'), ('4', 'NUM'), ('cup', 'NOUN'), ('butter', 'INGREDIENT'), ('until', 'ADP'), ('very', 'ADV'), ('warm', 'NOUN'), ('butter', 'INGREDIENT'), ('doesn', 'NOUN'), ('t', 'NOUN'), ('need', 'NOUN'), ('to', 'PRT'), ('be', 'VERB'), ('completely', 'ADV'), ('melted', 'VERB'), ('Remove', 'VERB'), ('from', 'ADP'), ('heat', 'NOUN'), ('n', 'NOUN'), ('2', 'NUM'), ('Mix', 'NOUN'), ('together', 'ADV'), ('salt', 'INGREDIENT'), ('flour', 'INGREDIENT'), ('yeast', 'INGREDIENT'), ('1', 'NUM'), ('2', 'NUM'), ('cup', 'NOUN'), ('sugar', 'INGREDIENT'), ('eggs', 'NOUN'), ('and', 'CONJ'), ('1', 'NUM'), ('3', 'NUM'), ('cup', 'NOUN'), ('softened', 'VERB'), ('butter', 'INGREDIENT'), ('in', 'ADP'), ('a', 'DET'), ('medium', 'NOUN'), ('bowl', 'NOUN'), ('Add', 'VERB'), ('the', 'DET'), ('heated', 'VERB'), ('mixture', 'NOUN'), ('until', 'ADP'), ('mixed', 'ADJ'), ('well', 'ADV'), ('n', 'NOUN'), ('3', 'NUM'), ('Divide', 'NOUN'), ('dough', 'INGREDIENT'), ('into', 'ADP'), ('two', 'NUM'), ('parts', 'NOUN'), ('On', 'ADP'), ('a', 'DET'), ('floured', 'VERB'), ('surface', 'NOUN'), ('roll', 'NOUN'), ('each', 'DET'), ('part', 'NOUN'), ('into', 'ADP'), ('a', 'DET'), ('large', 'ADJ'), ('rectangle', 'NOUN'), ('Smear', 'NOUN'), ('each', 'DET'), ('rectangle', 'NOUN'), ('with', 'ADP'), ('softened', 'VERB'), ('butter', 'INGREDIENT'), ('Combine', 'NOUN'), ('the', 'DET'), ('cinnamon', 'INGREDIENT'), ('and', 'CONJ'), ('3', 'NUM'), ('4', 'NUM'), ('cup', 'NOUN'), ('sugar', 'INGREDIENT'), ('Sprinkle', 'NOUN'), ('over', 'ADP'), ('the', 'DET'), ('rectangles', 'NOUN'), ('Generously', 'ADV'), ('sprinkle', 'NOUN'), ('the', 'DET'), ('raisins', 'NOUN'), ('and', 'CONJ'), ('nuts', 'NOUN'), ('over', 'ADP'), ('the', 'DET'), ('top', 'NOUN'), ('n', 'NOUN'), ('4', 'NUM'), ('Roll', 'NOUN'), ('the', 'DET'), ('dough', 'INGREDIENT'), ('up', 'ADV'), ('into', 'ADP'), ('two', 'NUM'), ('logs', 'NOUN'), ('starting', 'VERB'), ('at', 'ADP'), ('the', 'DET'), ('long', 'ADV'), ('side', 'NOUN'), ('Cut', 'NOUN'), ('each', 'DET'), ('log', 'NOUN'), ('into', 'ADP'), ('12', 'NUM'), ('slices', 'NOUN'), ('Place', 'NOUN'), ('the', 'DET'), ('rolls', 'NOUN'), ('cut', 'NOUN'), ('side', 'NOUN'), ('down', 'ADV'), ('into', 'ADP'), ('to', 'PRT'), ('a', 'DET'), ('9', 'NUM'), ('x', 'NOUN'), ('13', 'NUM'), ('inch', 'NOUN'), ('greased', 'VERB'), ('baking', 'NOUN'), ('pans', 'NOUN'), ('Cover', 'NOUN'), ('and', 'CONJ'), ('let', 'VERB'), ('rise', 'NOUN'), ('in', 'ADP'), ('a', 'DET'), ('warm', 'NOUN'), ('place', 'NOUN'), ('until', 'ADP'), ('almost', 'ADV'), ('doubled', 'VERB'), ('about', 'ADP'), ('30', 'NUM'), ('minutes', 'NOUN'), ('n', 'NOUN'), ('5', 'NUM'), ('Bake', 'VERB'), ('in', 'ADP'), ('a', 'DET'), ('preheated', 'VERB'), ('375', 'NUM'), ('F', 'NOUN'), ('oven', 'ADV'), ('for', 'ADP'), ('20', 'NUM'), ('to', 'PRT'), ('25', 'NUM'), ('minutes', 'NOUN'), ('or', 'CONJ'), ('until', 'ADP'), ('golden', 'ADJ'), ('brown', 'NOUN'), ('n', 'NOUN'), ('6', 'NUM'), ('To', 'PRT'), ('make', 'VERB'), ('the', 'DET'), ('frosting', 'INGREDIENT'), ('Combine', 'NOUN'), ('the', 'DET'), ('powdered', 'VERB'), ('sugar', 'INGREDIENT'), ('3', 'NUM'), ('tablespoons', 'NOUN'), ('melted', 'VERB'), ('butter', 'INGREDIENT'), ('vanilla', 'INGREDIENT'), ('and', 'CONJ'), ('3', 'NUM'), ('tablespoons', 'NOUN'), ('milk', 'INGREDIENT'), ('Frosting', 'VERB'), ('should', 'VERB'), ('be', 'VERB'), ('thick', 'NOUN'), ('Spread', 'NOUN'), ('over', 'ADP'), ('baked', 'VERB'), ('rolls', 'NOUN'), ('n', 'NOUN'), ('YIELD', 'NOUN'), ('6', 'NUM'), ('Tacos', 'NOUN'), ('3', 'NUM'), ('Servings', 'NOUN'), ('n', 'NOUN')]",[],"['salt', 'sugar', 'water', 'flour', 'milk', 'egg', 'yeast', 'butter', 'vanilla', 'cinnamon', 'dough', 'raisin', 'ice', 'frosting']","{'egg', 'yeast', 'vanilla', 'butter', 'frosting', 'dough', 'cinnamon', 'milk', 'ice', 'salt', 'flour', 'water', 'sugar', 'raisin'}"
"[""  2 Tacos\\n'""]",[], '1. Heat the taco shells in the oven according to the package  INGREDIENT .\n'  '2. Saute the  INGREDIENT  in the  INGREDIENT  until golden brown. Add the remaining ing INGREDIENT  (except the taco shells) and simmer about three minutes  until the  INGREDIENT  has been absorbed. \n'  'YIELD: 9 Servings\n'  'YIELD: 1 Tostada\n'] ,"[('1', 'NUM'), ('Heat', 'NOUN'), ('the', 'DET'), ('taco', 'NOUN'), ('shells', 'NOUN'), ('in', 'ADP'), ('the', 'DET'), ('oven', 'ADV'), ('according', 'VERB'), ('to', 'PRT'), ('the', 'DET'), ('package', 'NOUN'), ('directions', 'INGREDIENT'), ('n', 'NOUN'), ('2', 'NUM'), ('Saute', 'NOUN'), ('the', 'DET'), ('onion', 'INGREDIENT'), ('in', 'ADP'), ('the', 'DET'), ('butter', 'INGREDIENT'), ('until', 'ADP'), ('golden', 'ADJ'), ('brown', 'NOUN'), ('Add', 'VERB'), ('the', 'DET'), ('remaining', 'VERB'), ('ingredients', 'NOUN'), ('except', 'ADP'), ('the', 'DET'), ('taco', 'NOUN'), ('shells', 'NOUN'), ('and', 'CONJ'), ('simmer', 'NOUN'), ('about', 'ADP'), ('three', 'NUM'), ('minutes', 'NOUN'), ('until', 'ADP'), ('the', 'DET'), ('liquid', 'INGREDIENT'), ('has', 'VERB'), ('been', 'VERB'), ('absorbed', 'NOUN'), ('n', 'NOUN'), ('YIELD', 'NOUN'), ('9', 'NUM'), ('Servings', 'NOUN'), ('n', 'NOUN'), ('YIELD', 'NOUN'), ('1', 'NUM'), ('Tostada', 'NOUN'), ('n', 'NOUN')]",[],"['onion', 'butter', 'directions', 'redients', 'liquid']","{'onion', 'butter', 'directions', 'redients', 'liquid'}"
